text,amount,date,label
Stripe Payout,3243.39,17:32.5,Salary
Fruit Stand #8687,177.85,17:32.5,Groceries
Employer Inc #3341,2366.61,17:32.5,Salary
Spotify #6723,193.06,17:32.5,Utilities
Delta,48.83,17:32.5,Travel
Rent Payment,1171.61,17:32.5,Rent
Hospital,46.22,17:32.5,Health
Best Buy #2807,196.59,17:32.5,Shopping
Butcher #5221,99.11,17:32.5,Groceries
Gym Membership,48.88,17:32.5,Health
Ticketmaster #3011,52.97,17:32.5,Entertainment
Hospital,194.97,17:32.5,Health
Booking.com #2105,107.59,17:32.5,Travel
Chipotle #8192,43.31,17:32.5,Food & Drink
Whole Foods,53.5,17:32.5,Groceries
Doctor Visit,16.8,17:32.5,Health
Bookstore,80.29,17:32.5,Shopping
Netflix #6879,18.15,17:32.5,Utilities
Target,116.85,17:32.5,Shopping
Stripe Payout,4329.17,17:32.5,Salary
Shell #5492,63.88,17:32.5,Transport
Lime Scooter #8499,179.78,17:32.5,Transport
Netflix Sub #5042,91.16,17:32.5,Entertainment
Internet Bill #5754,51.96,17:32.5,Utilities
Payroll,3333.27,17:32.5,Salary
Fruit Stand,25.65,17:32.5,Groceries
MTA Subway #3483,142.71,17:32.5,Transport
Payroll #2256,4326.13,17:32.5,Salary
Parking,87.6,17:32.5,Transport
Bus Fare #7084,119.31,17:32.5,Transport
Walmart,30.79,17:32.5,Shopping
MTA Subway,105.24,17:32.5,Transport
CVS #9824,104.95,17:32.5,Health
Expedia #2364,59.43,17:32.5,Travel
Amazon,179.18,17:32.5,Shopping
Electric Co,100.67,17:32.5,Utilities
Parking #1601,22.17,17:32.5,Transport
Gym Membership #6925,13.66,17:32.5,Health
Train Ticket #4583,42.27,17:32.5,Transport
Shell #3898,121.89,17:32.5,Transport
CVS,197.5,17:32.5,Health
Electric Co #5180,94.68,17:32.5,Utilities
MTA Subway,162.28,17:32.5,Transport
Netflix Sub #4770,199.67,17:32.5,Entertainment
Property Mgmt #5366,2781.15,17:32.5,Rent
Landlord,1940.38,17:32.5,Rent
Hotel #6555,13.76,17:32.5,Travel
Duty Free #8597,70.16,17:32.5,Travel
Nike,197.55,17:32.5,Shopping
Dentist #3660,119.74,17:32.5,Health
Vending Machine,47.97,17:32.5,Food & Drink
Gas Station,75.8,17:32.5,Transport
Vending Machine,31.01,17:32.5,Food & Drink
Dunkin,43.74,17:32.5,Food & Drink
Netflix Sub #4044,18.5,17:32.5,Entertainment
Payroll,3269.46,17:32.5,Salary
Rent Payment #1808,2906.19,17:32.5,Rent
Booking.com,82.64,17:32.5,Travel
Uber,109.14,17:32.5,Transport
United,77.41,17:32.5,Travel
H&M #788,64.32,17:32.5,Shopping
Payroll,2759.44,17:32.5,Salary
Property Mgmt #8996,1332.85,17:32.5,Rent
Airbnb #4901,77.58,17:32.5,Travel
Payroll #4511,2854.35,17:32.5,Salary
Duty Free #7424,99.84,17:32.5,Travel
MTA Subway,109.42,17:32.5,Transport
Ticketmaster,98.65,17:32.5,Entertainment
Landlord #5040,2873.48,17:32.5,Rent
Bar XYZ,13.09,17:32.5,Food & Drink
Concert #8699,128.27,17:32.5,Entertainment
Planet Fitness #3629,15.67,17:32.5,Health
Planet Fitness #4539,142.83,17:32.5,Health
Walgreens #1035,154.01,17:32.5,Health
Expedia #7435,50.85,17:32.5,Travel
AT&T,61.72,17:32.5,Utilities
Nike #1079,83.93,17:32.5,Shopping
Chipotle #3893,24.86,17:32.5,Food & Drink
Payroll,4725.07,17:32.5,Salary
Payroll #6966,2621.97,17:32.5,Salary
Gas Station #9772,33.73,17:32.5,Transport
Hospital #5011,17.06,17:32.5,Health
Doctor Visit,47.76,17:32.5,Health
Vitamin Shop,84.69,17:32.5,Health
Train Ticket #7114,48.31,17:32.5,Transport
MTA Subway #2439,184.54,17:32.5,Transport
Train Ticket,49.07,17:32.5,Transport
Bowling #1705,44.42,17:32.5,Entertainment
Walmart,194.81,17:32.5,Shopping
Dentist,172.37,17:32.5,Health
Water Bill,54.02,17:32.5,Utilities
Walgreens #5049,117.21,17:32.5,Health
HOA Fees,1676.53,17:32.5,Rent
Chipotle #7487,24.63,17:32.5,Food & Drink
Rent Payment #8712,1739.1,17:32.5,Rent
Property Mgmt #6992,1813.09,17:32.5,Rent
Dentist #7287,130.66,17:32.5,Health
Walmart,136.07,17:32.5,Shopping
Bus Fare #7415,134.97,17:32.5,Transport
Lime Scooter #3450,95.97,17:32.5,Transport
Aldi #1934,198.83,17:32.5,Groceries
Landlord,2570.19,17:32.5,Rent
Parking #4686,62.19,17:32.5,Transport
Steam #1490,82.84,17:32.5,Entertainment
Dunkin,6.72,17:32.5,Food & Drink
Butcher #4292,24.53,17:32.5,Groceries
Verizon,123.53,17:32.5,Utilities
Landlord #1440,1181.68,17:32.5,Rent
Bowling,97.81,17:32.5,Entertainment
Fruit Stand #9302,165.75,17:32.5,Groceries
Fruit Stand,96.98,17:32.5,Groceries
Employer Inc #308,2609.44,17:32.5,Salary
Ticketmaster,34.96,17:32.5,Entertainment
Amtrak #9506,174.32,17:32.5,Travel
Direct Deposit,2243.81,17:32.5,Salary
Direct Deposit #432,4480.18,17:32.5,Salary
Electric Co #314,189.67,17:32.5,Utilities
Mortgage #2438,2275.61,17:32.5,Rent
AT&T,174.86,17:32.5,Utilities
Amtrak #1474,186.3,17:32.5,Travel
Dunkin #9704,7.99,17:32.5,Food & Drink
Costco #7904,32.78,17:32.5,Groceries
Spotify,143.37,17:32.5,Utilities
Booking.com,144.37,17:32.5,Travel
PlayStation,12.56,17:32.5,Entertainment
Upwork #2366,4566.64,17:32.5,Salary
Delta #4473,199.43,17:32.5,Travel
Bakery,76.7,17:32.5,Groceries
Sushi Place #3940,26.41,17:32.5,Food & Drink
Costco #5398,31.89,17:32.5,Groceries
HOA Fees,2467.85,17:32.5,Rent
Burger King,38.9,17:32.5,Food & Drink
Concert,111.13,17:32.5,Entertainment
Netflix Sub,168.74,17:32.5,Entertainment
CVS #1182,25.89,17:32.5,Health
Verizon,115.68,17:32.5,Utilities
Rent Payment #8825,2164.42,17:32.5,Rent
Netflix #6392,45.1,17:32.5,Utilities
Employer Inc #8093,4342.8,17:32.5,Salary
Bookstore #7484,151.77,17:32.5,Shopping
Exxon #4240,179.48,17:32.5,Transport
H&M,115.53,17:32.5,Shopping
Water Bill,64.05,17:32.5,Utilities
Apple Store #4325,28.72,17:32.5,Shopping
Local Cafe,32.23,17:32.5,Food & Drink
Video Game,86.85,17:32.5,Entertainment
Bar XYZ #631,28.45,17:32.5,Food & Drink
Steam #6961,178.88,17:32.5,Entertainment
Walmart,37.28,17:32.5,Shopping
Best Buy,162.45,17:32.5,Shopping
Amtrak,117.43,17:32.5,Travel
Steam #2952,186.4,17:32.5,Entertainment
Property Mgmt #7637,1299.14,17:32.5,Rent
Upwork #5849,4091.24,17:32.5,Salary
Concert,61.21,17:32.5,Entertainment
Spotify #7735,124.61,17:32.5,Utilities
Hospital,59.84,17:32.5,Health
Bakery #3813,38.88,17:32.5,Groceries
Bakery #624,10.11,17:32.5,Groceries
Dentist,57.24,17:32.5,Health
Costco #3172,36.98,17:32.5,Groceries
Delta #5657,156.54,17:32.5,Travel
Payroll #3485,2386.47,17:32.5,Salary
Employer Inc #4382,3929.43,17:32.5,Salary
Rent Payment,2126.73,17:32.5,Rent
Museum,36.57,17:32.5,Entertainment
Resort,199.21,17:32.5,Travel
Target #1799,41.29,17:32.5,Shopping
Amtrak #4159,124.13,17:32.5,Travel
Lyft,182.18,17:32.5,Transport
Vending Machine #1663,25.81,17:32.5,Food & Drink
Zara #7753,162.02,17:32.5,Shopping
Amazon #4378,195.88,17:32.5,Shopping
Amazon #377,81.41,17:32.5,Shopping
Steam,79.05,17:32.5,Entertainment
Verizon,199.47,17:32.5,Utilities
Dentist #6926,124.82,17:32.5,Health
Pharmacy Co-pay #8486,42.85,17:32.5,Health
Train Ticket #8629,192.12,17:32.5,Transport
Hulu #8582,137.29,17:32.5,Utilities
Employer Inc #6956,2973.79,17:32.5,Salary
Payroll,4851.63,17:32.5,Salary
Safeway #4552,84.62,17:32.5,Groceries
Train Ticket,188.19,17:32.5,Transport
CVS #8913,44.91,17:32.5,Health
Ticketmaster #3685,61.81,17:32.5,Entertainment
Concert,63.01,17:32.5,Entertainment
Aldi,48.63,17:32.5,Groceries
Internet Bill #519,196.59,17:32.5,Utilities
Spotify,12.72,17:32.5,Utilities
Sushi Place,19.09,17:32.5,Food & Drink
United,188.96,17:32.5,Travel
Car Rental,50.78,17:32.5,Travel
Bookstore,67.61,17:32.5,Shopping
Property Mgmt,2628.86,17:32.5,Rent
Airbnb #4776,75.74,17:32.5,Travel
Bowling,189.66,17:32.5,Entertainment
Rent Payment #2487,2040.61,17:32.5,Rent
CVS #4503,90.62,17:32.5,Health
Train Ticket,25.2,17:32.5,Transport
Amtrak,139.81,17:32.5,Travel
Hospital #3279,84.82,17:32.5,Health
Lyft,131.74,17:32.5,Transport
Vending Machine #5109,8.83,17:32.5,Food & Drink
Hospital #6285,154.98,17:32.5,Health
Vending Machine #7618,36.02,17:32.5,Food & Drink
Pharmacy #3816,109.92,17:32.5,Shopping
Bowling #8601,170.74,17:32.5,Entertainment
Costco,84.5,17:32.5,Groceries
Amazon,116.82,17:32.5,Shopping
Chipotle,41.25,17:32.5,Food & Drink
Spotify Premium,31.68,17:32.5,Entertainment
Zara #4604,175.9,17:32.5,Shopping
Resort #4482,32.7,17:32.5,Travel
Trash Pickup #6428,73.07,17:32.5,Utilities
Trash Pickup #7720,198.92,17:32.5,Utilities
Stripe Payout #9099,2585.94,17:32.5,Salary
Vitamin Shop #5719,38.05,17:32.5,Health
Ticketmaster,23.33,17:32.5,Entertainment
Shell #9753,86.17,17:32.5,Transport
Shell #8263,164.86,17:32.5,Transport
Netflix,181.17,17:32.5,Utilities
Payroll #1685,3477.88,17:32.5,Salary
Local Market #6874,25.82,17:32.5,Groceries
Property Mgmt #3763,1952.78,17:32.5,Rent
Pharmacy Co-pay #7761,187.95,17:32.5,Health
Aldi #7910,161.78,17:32.5,Groceries
Employer Inc #3261,4302.29,17:32.5,Salary
Ticketmaster,191.73,17:32.5,Entertainment
Direct Deposit,3243.99,17:32.5,Salary
Trash Pickup,109.05,17:32.5,Utilities
Water Bill,36.8,17:32.5,Utilities
Mortgage,1298.35,17:32.5,Rent
Amtrak #5295,15.57,17:32.5,Travel
Uber #7002,135.82,17:32.5,Transport
Amazon,116.1,17:32.5,Shopping
Lime Scooter #822,94.63,17:32.5,Transport
Netflix Sub,10.32,17:32.5,Entertainment
Nike,173.51,17:32.5,Shopping
Rent Payment,2176.55,17:32.5,Rent
Property Mgmt,1899.67,17:32.5,Rent
Direct Deposit,4310.85,17:32.5,Salary
Costco,182.61,17:32.5,Groceries
Employer Inc #2933,2575.19,17:32.5,Salary
Netflix Sub #7393,28.71,17:32.5,Entertainment
McDonalds,21.18,17:32.5,Food & Drink
Amazon,104.67,17:32.5,Shopping
Whole Foods,187.89,17:32.5,Groceries
HOA Fees,1921.08,17:32.5,Rent
Uber #6691,47.55,17:32.5,Transport
United #4714,171.97,17:32.5,Travel
Zara,188.95,17:32.5,Shopping
Direct Deposit,4675.7,17:32.5,Salary
Vending Machine,47.67,17:32.5,Food & Drink
Trader Joes,167.37,17:32.5,Groceries
Airbnb,93.84,17:32.5,Travel
HOA Fees #5885,2303.18,17:32.5,Rent
Stripe Payout,2914.88,17:32.5,Salary
CVS,130.92,17:32.5,Health
HOA Fees,2313.74,17:32.5,Rent
MTA Subway #1393,76.99,17:32.5,Transport
Payroll #6461,4009.69,17:32.5,Salary
Booking.com,57.22,17:32.5,Travel
Planet Fitness #2096,54.79,17:32.5,Health
Whole Foods,50.3,17:32.5,Groceries
MTA Subway #5302,110.61,17:32.5,Transport
Uber #6539,21.75,17:32.5,Transport
Local Cafe #8607,32.99,17:32.5,Food & Drink
Yoga Class #2981,198.7,17:32.5,Health
Nike #1915,128.37,17:32.5,Shopping
Kroger,194.09,17:32.5,Groceries
Direct Deposit #9973,3646.83,17:32.5,Salary
Internet Bill,141.58,17:32.5,Utilities
Rent Payment,1198.75,17:32.5,Rent
Direct Deposit,3322.65,17:32.5,Salary
AMC Theaters,103.9,17:32.5,Entertainment
HOA Fees #7254,2646.68,17:32.5,Rent
Rent Payment,2585.87,17:32.5,Rent
Bus Fare #2626,153.47,17:32.5,Transport
Doctor Visit,145.16,17:32.5,Health
Planet Fitness,77.32,17:32.5,Health
Car Rental #7709,11.65,17:32.5,Travel
Steam,147.19,17:32.5,Entertainment
Vitamin Shop,148.29,17:32.5,Health
Payroll #589,3835.01,17:32.5,Salary
Trash Pickup #5454,74.75,17:32.5,Utilities
Spotify,183.28,17:32.5,Utilities
Safeway,52.24,17:32.5,Groceries
Internet Bill #3412,180.58,17:32.5,Utilities
Whole Foods,55.69,17:32.5,Groceries
Property Mgmt,1447.15,17:32.5,Rent
Museum,31.9,17:32.5,Entertainment
Airbnb,27.36,17:32.5,Travel
Stripe Payout,3954.33,17:32.5,Salary
Chipotle,27.97,17:32.5,Food & Drink
Apple Store,186.04,17:32.5,Shopping
McDonalds #5661,46.03,17:32.5,Food & Drink
Planet Fitness,75.38,17:32.5,Health
Shell #7775,89.88,17:32.5,Transport
H&M,15.59,17:32.5,Shopping
Butcher #2606,162.42,17:32.5,Groceries
United #5311,72.82,17:32.5,Travel
Best Buy #7087,166.64,17:32.5,Shopping
Bakery,89.75,17:32.5,Groceries
Employer Inc #6725,3579.53,17:32.5,Salary
Dunkin,45.05,17:32.5,Food & Drink
Concert #3220,24.15,17:32.5,Entertainment
Kroger,29.38,17:32.5,Groceries
Payroll #6798,2999.37,17:32.5,Salary
Local Cafe #1044,5.57,17:32.5,Food & Drink
Water Bill,55.59,17:32.5,Utilities
Spotify #8537,188.97,17:32.5,Utilities
Bowling #6408,114.97,17:32.5,Entertainment
Hospital #3022,107.59,17:32.5,Health
Netflix,134.13,17:32.5,Utilities
Museum #7485,79.54,17:32.5,Entertainment
Netflix #3612,185.52,17:32.5,Utilities
AMC Theaters #1595,177.08,17:32.5,Entertainment
Airbnb,140.91,17:32.5,Travel
Resort #6583,18.36,17:32.5,Travel
Parking #4968,20.68,17:32.5,Transport
Netflix,11.81,17:32.5,Utilities
Walgreens,140.9,17:32.5,Health
Doctor Visit,166.98,17:32.5,Health
Vitamin Shop #4604,177.39,17:32.5,Health
Employer Inc,3793.79,17:32.5,Salary
Delta #2557,134.08,17:32.5,Travel
Yoga Class #4005,170.69,17:32.5,Health
Parking #517,27.12,17:32.5,Transport
Uber,84.29,17:32.5,Transport
Burger King #3811,7.17,17:32.5,Food & Drink
Lime Scooter #5799,134.08,17:32.5,Transport
AMC Theaters #482,181.99,17:32.5,Entertainment
Rent Payment,1515.33,17:32.5,Rent
Upwork,2507.58,17:32.5,Salary
Bowling #3673,63.45,17:32.5,Entertainment
Bakery #4199,39.05,17:32.5,Groceries
Hospital #5482,174.45,17:32.5,Health
Amtrak,25.74,17:32.5,Travel
Starbucks #9988,8.56,17:32.5,Food & Drink
Target,38.14,17:32.5,Shopping
Landlord,1505.84,17:32.5,Rent
Duty Free #5969,83.9,17:32.5,Travel
Trader Joes,125.2,17:32.5,Groceries
Resort,19.44,17:32.5,Travel
Water Bill,21.42,17:32.5,Utilities
Starbucks #2496,18.13,17:32.5,Food & Drink
Car Rental #3955,35.54,17:32.5,Travel
Whole Foods,105.65,17:32.5,Groceries
Expedia,117.1,17:32.5,Travel
Duty Free,84.79,17:32.5,Travel
Rent Payment,2056.91,17:32.5,Rent
Rent Payment,2778.63,17:32.5,Rent
Landlord,2641.9,17:32.5,Rent
Gas Station,24.61,17:32.5,Transport
Doctor Visit,70.26,17:32.5,Health
Direct Deposit,4816.42,17:32.5,Salary
Bus Fare #2320,186.35,17:32.5,Transport
Best Buy,24.32,17:32.5,Shopping
Internet Bill,63.63,17:32.5,Utilities
Starbucks #5912,19.67,17:32.5,Food & Drink
Electric Co #4094,24.5,17:32.5,Utilities
Gym Membership,95.81,17:32.5,Health
Ticketmaster,93.23,17:32.5,Entertainment
Netflix #5529,152.75,17:32.5,Utilities
Verizon,188.41,17:32.5,Utilities
Starbucks #8294,18,17:32.5,Food & Drink
Parking #299,90.11,17:32.5,Transport
Rent Payment #1926,1059.19,17:32.5,Rent
Train Ticket #5095,24.51,17:32.5,Transport
Delta,61.19,17:32.5,Travel
Employer Inc,4485.7,17:32.5,Salary
Pharmacy,142.09,17:32.5,Shopping
Payroll,4202.57,17:32.5,Salary
Amtrak #8283,188.66,17:32.5,Travel
Starbucks,25.74,17:32.5,Food & Drink
Upwork,4567.94,17:32.5,Salary
Zara,191.57,17:32.5,Shopping
Butcher #3617,101.95,17:32.5,Groceries
Landlord,1587.45,17:32.5,Rent
Parking,124.68,17:32.5,Transport
CVS,59.8,17:32.5,Health
Property Mgmt #6220,1193.75,17:32.5,Rent
Gym Membership #8306,115.07,17:32.5,Health
Uber,196.7,17:32.5,Transport
Airbnb #3193,82.03,17:32.5,Travel
Stripe Payout,2776.3,17:32.5,Salary
Delta,88.74,17:32.5,Travel
Lime Scooter #4275,107.97,17:32.5,Transport
Direct Deposit #5941,4222.11,17:32.5,Salary
Uber #5965,162.28,17:32.5,Transport
Uber #5651,36.29,17:32.5,Transport
Walgreens #1436,82.7,17:32.5,Health
Pharmacy,52.29,17:32.5,Shopping
Walmart,166.09,17:32.5,Shopping
Ticketmaster,33.62,17:32.5,Entertainment
Pizza Hut,10.55,17:32.5,Food & Drink
Sushi Place,41.34,17:32.5,Food & Drink
Payroll,4631.06,17:32.5,Salary
Upwork #7574,2472.56,17:32.5,Salary
Hulu #1520,28.49,17:32.5,Utilities
HOA Fees,1968.31,17:32.5,Rent
Amtrak #9358,164.54,17:32.5,Travel
CVS #553,66.83,17:32.5,Health
United #8794,147.2,17:32.5,Travel
H&M,185.18,17:32.5,Shopping
Property Mgmt,2785.84,17:32.5,Rent
Vending Machine,19.26,17:32.5,Food & Drink
Burger King,49.9,17:32.5,Food & Drink
Upwork #816,4994.43,17:32.5,Salary
PlayStation,113.95,17:32.5,Entertainment
Employer Inc,2604.37,17:32.5,Salary
Hotel #774,83.04,17:32.5,Travel
Pharmacy Co-pay,159.85,17:32.5,Health
Pharmacy Co-pay,141.72,17:32.5,Health
Exxon,170.6,17:32.5,Transport
Chipotle #5312,28.68,17:32.5,Food & Drink
Uber #4260,29.93,17:32.5,Transport
CVS #916,176.24,17:32.5,Health
Target,52.12,17:32.5,Shopping
Aldi #8717,169.83,17:32.5,Groceries
Hulu #617,151.95,17:32.5,Utilities
Delta #218,58.63,17:32.5,Travel
Spotify Premium,188.67,17:32.5,Entertainment
Vitamin Shop,180.1,17:32.5,Health
Vitamin Shop #8173,24.09,17:32.5,Health
ConEd,84.3,17:32.5,Utilities
Sushi Place #9730,16.46,17:32.5,Food & Drink
Netflix #1851,144.18,17:32.5,Utilities
Dentist #8727,73.74,17:32.5,Health
Sushi Place,10.88,17:32.5,Food & Drink
MTA Subway,176.77,17:32.5,Transport
Nike #703,149.82,17:32.5,Shopping
PlayStation #6701,14.92,17:32.5,Entertainment
Delta,39.99,17:32.5,Travel
Zara #336,77.07,17:32.5,Shopping
Netflix Sub,52.89,17:32.5,Entertainment
United,184.93,17:32.5,Travel
Netflix #8158,51.34,17:32.5,Utilities
Trash Pickup,60.88,17:32.5,Utilities
ConEd,114.35,17:32.5,Utilities
Internet Bill #6195,199.94,17:32.5,Utilities
Hotel,134.01,17:32.5,Travel
Dentist,36.1,17:32.5,Health
Costco #9292,130.94,17:32.5,Groceries
Parking #5221,100.77,17:32.5,Transport
Dentist,99.67,17:32.5,Health
Ticketmaster #6775,73.62,17:32.5,Entertainment
Direct Deposit #7822,3476.73,17:32.5,Salary
Landlord,1868.23,17:32.5,Rent
MTA Subway #4404,154.6,17:32.5,Transport
Whole Foods #1128,155.87,17:32.5,Groceries
Payroll #152,3739.13,17:32.5,Salary
Safeway,41,17:32.5,Groceries
AT&T #5508,130.07,17:32.5,Utilities
Nike,169.56,17:32.5,Shopping
Museum #3667,97.19,17:32.5,Entertainment
Rent Payment #8163,2214.03,17:32.5,Rent
PlayStation #3447,84.94,17:32.5,Entertainment
Shell,94.84,17:32.5,Transport
Electric Co #7916,53.75,17:32.5,Utilities
Employer Inc #5912,2681.12,17:32.5,Salary
Shell,72.66,17:32.5,Transport
Mortgage,1873.14,17:32.5,Rent
Vending Machine,24,17:32.5,Food & Drink
Mortgage #7566,2584.34,17:32.5,Rent
Electric Co,169.96,17:32.5,Utilities
Local Market,156.73,17:32.5,Groceries
Landlord,1814.38,17:32.5,Rent
Nike #6778,130.18,17:32.5,Shopping
Trader Joes #6347,146.84,17:32.5,Groceries
Zara #4999,35.26,17:32.5,Shopping
Employer Inc #5484,4057.06,17:32.5,Salary
Stripe Payout #3428,3291.29,17:32.5,Salary
CVS #1669,80.54,17:32.5,Health
Dentist,114.25,17:32.5,Health
Fruit Stand #770,50.23,17:32.5,Groceries
Pharmacy #8269,47.03,17:32.5,Shopping
H&M #9488,86.74,17:32.5,Shopping
Target #1547,69.1,17:32.5,Shopping
Nike #9964,101.59,17:32.5,Shopping
Mortgage,1961.9,17:32.5,Rent
HOA Fees,2660.48,17:32.5,Rent
Gas Station,60.57,17:32.5,Transport
Netflix Sub #5343,31.37,17:32.5,Entertainment
Landlord,2475.76,17:32.5,Rent
Ticketmaster,15.82,17:32.5,Entertainment
Duty Free,77.57,17:32.5,Travel
Parking #4542,124.53,17:32.5,Transport
Payroll #9746,3520.73,17:32.5,Salary
Amazon,107.85,17:32.5,Shopping
Property Mgmt #1713,2571.6,17:32.5,Rent
Trash Pickup #1405,98.47,17:32.5,Utilities
AT&T #913,49.61,17:32.5,Utilities
MTA Subway,123.11,17:32.5,Transport
Verizon,72.82,17:32.5,Utilities
CVS,64.89,17:32.5,Health
Gym Membership #9746,115.86,17:32.5,Health
Direct Deposit #1610,3090.68,17:32.5,Salary
Target,119.38,17:32.5,Shopping
AMC Theaters #6504,42.8,17:32.5,Entertainment
Pharmacy #3273,146.03,17:32.5,Shopping
Gym Membership,150.49,17:32.5,Health
Amazon,48.71,17:32.5,Shopping
Electric Co,30.26,17:32.5,Utilities
Gas Station #3543,126.2,17:32.5,Transport
Car Rental #4802,173.66,17:32.5,Travel
Upwork #6455,2486.93,17:32.5,Salary
Concert,136.25,17:32.5,Entertainment
Video Game #8922,135.71,17:32.5,Entertainment
Pizza Hut,10.19,17:32.5,Food & Drink
Aldi #5952,18.32,17:32.5,Groceries
Gas Station #7133,105.27,17:32.5,Transport
Pharmacy #493,53.36,17:32.5,Shopping
Zara,141.13,17:32.5,Shopping
Airbnb #3336,165.97,17:32.5,Travel
Bus Fare,194.05,17:32.5,Transport
Vending Machine,41.96,17:32.5,Food & Drink
H&M,187.34,17:32.5,Shopping
Water Bill #4524,188.35,17:32.5,Utilities
Internet Bill,137.38,17:32.5,Utilities
Rent Payment #6636,2807.92,17:32.5,Rent
Duty Free #252,36.19,17:32.5,Travel
Fruit Stand #7140,111.59,17:32.5,Groceries
Chipotle,27.77,17:32.5,Food & Drink
Verizon,173.31,17:32.5,Utilities
Hospital #4191,133.05,17:32.5,Health
H&M,117.34,17:32.5,Shopping
Target,21.71,17:32.5,Shopping
Stripe Payout #8265,4968.06,17:32.5,Salary
Apple Store #774,192.86,17:32.5,Shopping
Video Game,94.83,17:32.5,Entertainment
Apple Store #1354,63.46,17:32.5,Shopping
Expedia #6372,154.38,17:32.5,Travel
Burger King,21.32,17:32.5,Food & Drink
Whole Foods,77.07,17:32.5,Groceries
Safeway,109.31,17:32.5,Groceries
Gym Membership,128.69,17:32.5,Health
Nike #1281,107.78,17:32.5,Shopping
Payroll #8381,4894.99,17:32.5,Salary
Car Rental,72.4,17:32.5,Travel
Bus Fare #2139,73.35,17:32.5,Transport
Safeway #8354,164.84,17:32.5,Groceries
United,74.73,17:32.5,Travel
Dentist,21.89,17:32.5,Health
Local Market,137.08,17:32.5,Groceries
Planet Fitness,32.39,17:32.5,Health
Safeway #8400,44.27,17:32.5,Groceries
Exxon,94.34,17:32.5,Transport
Sushi Place,23.87,17:32.5,Food & Drink
Fruit Stand #1594,61.66,17:32.5,Groceries
Gym Membership,142.91,17:32.5,Health
Mortgage #4812,1799.92,17:32.5,Rent
Fruit Stand #3817,79.16,17:32.5,Groceries
Spotify #6719,45.92,17:32.5,Utilities
Bookstore #2992,117.02,17:32.5,Shopping
Airbnb #3937,66.78,17:32.5,Travel
Spotify Premium #6666,99.45,17:32.5,Entertainment
Payroll,3832.39,17:32.5,Salary
H&M,75,17:32.5,Shopping
Internet Bill,21.86,17:32.5,Utilities
Rent Payment #1910,2657.68,17:32.5,Rent
Butcher,168.06,17:32.5,Groceries
Vitamin Shop #2655,178.49,17:32.5,Health
Landlord #8764,1425.2,17:32.5,Rent
Rent Payment,2992.92,17:32.5,Rent
Pizza Hut,47.88,17:32.5,Food & Drink
Walgreens #6676,57.4,17:32.5,Health
Exxon,167.91,17:32.5,Transport
Kroger #6370,117.09,17:32.5,Groceries
Butcher,25.05,17:32.5,Groceries
Starbucks #8835,16.16,17:32.5,Food & Drink
Parking #9008,11.55,17:32.5,Transport
Costco #552,91.41,17:32.5,Groceries
Delta,18.86,17:32.5,Travel
CVS,27.22,17:32.5,Health
PlayStation #8593,16.3,17:32.5,Entertainment
Pharmacy Co-pay #9305,172.36,17:32.5,Health
Kroger,89.97,17:32.5,Groceries
Payroll #2190,2484.74,17:32.5,Salary
Employer Inc #7889,3894.3,17:32.5,Salary
HOA Fees,1038.72,17:32.5,Rent
Walmart,138.8,17:32.5,Shopping
Whole Foods,36.61,17:32.5,Groceries
Pizza Hut #9430,42.3,17:32.5,Food & Drink
Chipotle,48.68,17:32.5,Food & Drink
Electric Co,19.11,17:32.5,Utilities
Internet Bill #5178,168.56,17:32.5,Utilities
Chipotle #9265,32.51,17:32.5,Food & Drink
Museum,198.6,17:32.5,Entertainment
Stripe Payout #6955,4002.76,17:32.5,Salary
Target #153,71.18,17:32.5,Shopping
Target,58.2,17:32.5,Shopping
Doctor Visit,74.98,17:32.5,Health
Duty Free,122.03,17:32.5,Travel
Mortgage,1136.06,17:32.5,Rent
Internet Bill,129.87,17:32.5,Utilities
AT&T #2186,116.49,17:32.5,Utilities
CVS,169.87,17:32.5,Health
Employer Inc #1697,2526.44,17:32.5,Salary
Water Bill,135.88,17:32.5,Utilities
ConEd #3396,40.77,17:32.5,Utilities
Bar XYZ #2843,30.17,17:32.5,Food & Drink
Target,174.84,17:32.5,Shopping
Stripe Payout,3326.29,17:32.5,Salary
Stripe Payout #9618,4355.68,17:32.5,Salary
Apple Store #8124,29.14,17:32.5,Shopping
MTA Subway,54.25,17:32.5,Transport
Employer Inc #339,4401.77,17:32.5,Salary
Property Mgmt #9196,2209.57,17:32.5,Rent
PlayStation,108.62,17:32.5,Entertainment
Direct Deposit #8378,4680.22,17:32.5,Salary
Ticketmaster #242,171.2,17:32.5,Entertainment
Yoga Class,24.08,17:32.5,Health
Whole Foods #605,154.9,17:32.5,Groceries
Hospital #4629,172.26,17:32.5,Health
Mortgage,2269.38,17:32.5,Rent
Amtrak #7670,181.45,17:32.5,Travel
Upwork,4727,17:32.5,Salary
Costco,97.59,17:32.5,Groceries
Spotify Premium #3857,64.84,17:32.5,Entertainment
Safeway,103.51,17:32.5,Groceries
Water Bill,37.58,17:32.5,Utilities
Amazon,179.78,17:32.5,Shopping
Uber,78.98,17:32.5,Transport
Lime Scooter,47.37,17:32.5,Transport
PlayStation,33.33,17:32.5,Entertainment
Expedia #5479,164.73,17:32.5,Travel
Employer Inc #3199,4796.3,17:32.5,Salary
AT&T #1157,135.92,17:32.5,Utilities
Shell,162.23,17:32.5,Transport
Verizon #4783,57.66,17:32.5,Utilities
Walgreens #6422,48.34,17:32.5,Health
Bakery #216,150.81,17:32.5,Groceries
McDonalds,38.54,17:32.5,Food & Drink
Trash Pickup,25.17,17:32.5,Utilities
Netflix Sub,196.43,17:32.5,Entertainment
Local Cafe,35.07,17:32.5,Food & Drink
Bakery,105.67,17:32.5,Groceries
Bookstore,162.33,17:32.5,Shopping
Steam #6761,81.56,17:32.5,Entertainment
AT&T,150.99,17:32.5,Utilities
Safeway,107.13,17:32.5,Groceries
Netflix Sub #8449,177.52,17:32.5,Entertainment
Upwork #8686,2238.66,17:32.5,Salary
Ticketmaster #6992,156.94,17:32.5,Entertainment
Bakery,55.89,17:32.5,Groceries
Direct Deposit #9096,2077.97,17:32.5,Salary
Concert #3370,158.49,17:32.5,Entertainment
Apple Store #6457,60.73,17:32.5,Shopping
Chipotle,37.99,17:32.5,Food & Drink
Hotel,84.17,17:32.5,Travel
Hotel #8243,81.7,17:32.5,Travel
Bowling,129.17,17:32.5,Entertainment
Property Mgmt,1227.18,17:32.5,Rent
Costco #3235,113.13,17:32.5,Groceries
Zara,108.01,17:32.5,Shopping
Target #941,152.09,17:32.5,Shopping
Hotel #2961,92.91,17:32.5,Travel
Payroll #2335,3722.06,17:32.5,Salary
Fruit Stand,196.06,17:32.5,Groceries
United #8366,132.96,17:32.5,Travel
Video Game,187.31,17:32.5,Entertainment
Upwork,2553.41,17:32.5,Salary
Bar XYZ #2366,5.36,17:32.5,Food & Drink
Pharmacy #7680,117.7,17:32.5,Shopping
Upwork,2752.83,17:32.5,Salary
Costco #5373,150.67,17:32.5,Groceries
United,82.75,17:32.5,Travel
Best Buy #9021,184.4,17:32.5,Shopping
Zara,162.21,17:32.5,Shopping
Parking,17.27,17:32.5,Transport
Direct Deposit,3826.41,17:32.5,Salary
Netflix Sub,108.81,17:32.5,Entertainment
Uber,26.53,17:32.5,Transport
Amazon #3609,125.12,17:32.5,Shopping
Safeway,11,17:32.5,Groceries
Planet Fitness,113.85,17:32.5,Health
Chipotle #9194,23.32,17:32.5,Food & Drink
Bookstore,65.3,17:32.5,Shopping
Netflix Sub #137,186.03,17:32.5,Entertainment
Expedia,48.29,17:32.5,Travel
Delta,106.69,17:32.5,Travel
Landlord #435,2559.38,17:32.5,Rent
Steam,89.34,17:32.5,Entertainment
Dentist,139.27,17:32.5,Health
Dunkin #5329,36.16,17:32.5,Food & Drink
Amtrak,122.58,17:32.5,Travel
PlayStation #2036,75.18,17:32.5,Entertainment
Sushi Place,15.12,17:32.5,Food & Drink
Landlord #1048,2583.15,17:32.5,Rent
Stripe Payout #4603,2369.69,17:32.5,Salary
Rent Payment #6833,2012.39,17:32.5,Rent
Nike #8983,193.44,17:32.5,Shopping
Best Buy,120.1,17:32.5,Shopping
Verizon #4030,101.69,17:32.5,Utilities
Hospital,164.63,17:32.5,Health
Employer Inc #4991,3429.37,17:32.5,Salary
Exxon #3488,144.78,17:32.5,Transport
Payroll #7137,3772.87,17:32.5,Salary
Car Rental,139.6,17:32.5,Travel
Gas Station #2612,13.84,17:32.5,Transport
Duty Free #2699,20.92,17:32.5,Travel
Dentist #8548,149.59,17:32.5,Health
Stripe Payout,4474.71,17:32.5,Salary
HOA Fees #2706,2171.02,17:32.5,Rent
Landlord,1435.18,17:32.5,Rent
Museum #9094,190.83,17:32.5,Entertainment
H&M,50.2,17:32.5,Shopping
Mortgage #273,1082.93,17:32.5,Rent
Dunkin,7.66,17:32.5,Food & Drink
Amazon,173.21,17:32.5,Shopping
Burger King,10.79,17:32.5,Food & Drink
Yoga Class #7150,157.41,17:32.5,Health
Employer Inc,3094.56,17:32.5,Salary
Dunkin #2506,10.42,17:32.5,Food & Drink
Spotify #2643,92.12,17:32.5,Utilities
Rent Payment #1968,2207.32,17:32.5,Rent
Rent Payment,1851.55,17:32.5,Rent
Amtrak #7691,55.64,17:32.5,Travel
Museum #5603,120.56,17:32.5,Entertainment
Bakery #3091,89.93,17:32.5,Groceries
Netflix,136.52,17:32.5,Utilities
Gas Station #3851,76,17:32.5,Transport
Pharmacy,29.23,17:32.5,Shopping
Nike #2070,159.53,17:32.5,Shopping
Planet Fitness,184.53,17:32.5,Health
Starbucks #7911,9.28,17:32.5,Food & Drink
Dunkin #4759,17.19,17:32.5,Food & Drink
Train Ticket #3329,19.19,17:32.5,Transport
Yoga Class,141.6,17:32.5,Health
Mortgage #7574,1644.45,17:32.5,Rent
Concert,135.92,17:32.5,Entertainment
Burger King #3389,27.04,17:32.5,Food & Drink
Kroger #9144,106.21,17:32.5,Groceries
H&M #5407,19.78,17:32.5,Shopping
AT&T,78.55,17:32.5,Utilities
Pizza Hut #2817,12.84,17:32.5,Food & Drink
Employer Inc #4677,4352.11,17:32.5,Salary
ConEd #8018,18.02,17:32.5,Utilities
Burger King #6523,16.76,17:32.5,Food & Drink
ConEd,32.04,17:32.5,Utilities
Vending Machine #3139,32.92,17:32.5,Food & Drink
Bowling,83.06,17:32.5,Entertainment
Video Game,196.38,17:32.5,Entertainment
Delta #2537,73.41,17:32.5,Travel
Train Ticket #9850,178.38,17:32.5,Transport
Vending Machine,49.06,17:32.5,Food & Drink
Target #3775,176.49,17:32.5,Shopping
Uber,100.73,17:32.5,Transport
McDonalds #1557,42.59,17:32.5,Food & Drink
Planet Fitness,195.47,17:32.5,Health
Rent Payment,1242.39,17:32.5,Rent
Payroll,4832.85,17:32.5,Salary
Spotify,152.85,17:32.5,Utilities
Dentist #3633,83.63,17:32.5,Health
Landlord #5116,2888.63,17:32.5,Rent
Netflix #7284,68.27,17:32.5,Utilities
Pharmacy #2197,141.82,17:32.5,Shopping
Verizon #8564,18.5,17:32.5,Utilities
Aldi #4129,178.88,17:32.5,Groceries
Bookstore #682,43.14,17:32.5,Shopping
Fruit Stand #8837,24.03,17:32.5,Groceries
AT&T,20.44,17:32.5,Utilities
HOA Fees,2817.71,17:32.5,Rent
Bowling,163.92,17:32.5,Entertainment
Ticketmaster,103.94,17:32.5,Entertainment
United #9187,148.83,17:32.5,Travel
Walgreens #8107,55.83,17:32.5,Health
Starbucks,16.84,17:32.5,Food & Drink
AT&T,43.42,17:32.5,Utilities
Dunkin,23.13,17:32.5,Food & Drink
Landlord,2494.6,17:32.5,Rent
Stripe Payout #1428,3881.9,17:32.5,Salary
Planet Fitness,191.55,17:32.5,Health
Car Rental,65.91,17:32.5,Travel
PlayStation #1147,126.26,17:32.5,Entertainment
Zara #9620,86.16,17:32.5,Shopping
Bus Fare #8429,48.38,17:32.5,Transport
Direct Deposit,4723.91,17:32.5,Salary
Booking.com,193.39,17:32.5,Travel
Expedia #359,94.2,17:32.5,Travel
Hospital,164.6,17:32.5,Health
Property Mgmt #7102,1068.95,17:32.5,Rent
Duty Free,62.3,17:32.5,Travel
Pharmacy #5721,118.84,17:32.5,Shopping
PlayStation #7996,193.35,17:32.5,Entertainment
Car Rental #2466,176.05,17:32.5,Travel
Safeway,190.05,17:32.5,Groceries
Stripe Payout,3922.79,17:32.5,Salary
Payroll #5070,2174.52,17:32.5,Salary
Amazon,45.14,17:32.5,Shopping
Upwork,3109.36,17:32.5,Salary
MTA Subway #3861,67.19,17:32.5,Transport
Kroger,186.06,17:32.5,Groceries
Direct Deposit,3529.22,17:32.5,Salary
H&M #9633,28.5,17:32.5,Shopping
Parking #3428,117.14,17:32.5,Transport
Dunkin,5.79,17:32.5,Food & Drink
Doctor Visit #9027,145.38,17:32.5,Health
United #3095,99.3,17:32.5,Travel
Stripe Payout #2583,3757.5,17:32.5,Salary
Safeway,112.87,17:32.5,Groceries
Aldi #3194,86.72,17:32.5,Groceries
Aldi,150.03,17:32.5,Groceries
Stripe Payout,4887.35,17:32.5,Salary
Bar XYZ #6195,40.27,17:32.5,Food & Drink
Employer Inc,3938.61,17:32.5,Salary
Booking.com,69.19,17:32.5,Travel
Aldi,195.99,17:32.5,Groceries
Netflix Sub,188.77,17:32.5,Entertainment
Employer Inc #4405,2483.86,17:32.5,Salary
Gas Station,103.47,17:32.5,Transport
Concert,185.7,17:32.5,Entertainment
Spotify,183.52,17:32.5,Utilities
Zara #285,190.03,17:32.5,Shopping
Kroger,70.71,17:32.5,Groceries
Bookstore #2464,57.99,17:32.5,Shopping
AT&T,184.37,17:32.5,Utilities
Chipotle #4366,16.53,17:32.5,Food & Drink
Payroll,3379.48,17:32.5,Salary
Duty Free #3326,152.03,17:32.5,Travel
Whole Foods #3647,56.51,17:32.5,Groceries
Spotify,104.9,17:32.5,Utilities
Walgreens,115.73,17:32.5,Health
Video Game,73.67,17:32.5,Entertainment
Trash Pickup,94.99,17:32.5,Utilities
Chipotle #187,25.72,17:32.5,Food & Drink
Walmart #2304,52,17:32.5,Shopping
Payroll,4177.51,17:32.5,Salary
Amazon #2148,113.2,17:32.5,Shopping
Kroger #3593,155.2,17:32.5,Groceries
Resort #7166,93.02,17:32.5,Travel
Netflix #6976,50.95,17:32.5,Utilities
Apple Store,39.63,17:32.5,Shopping
Starbucks,17.89,17:32.5,Food & Drink
Delta,29.97,17:32.5,Travel
Safeway #8231,49.22,17:32.5,Groceries
H&M #6093,91.31,17:32.5,Shopping
Rent Payment #1702,2371.32,17:32.5,Rent
Planet Fitness,145.17,17:32.5,Health
ConEd #7619,85.37,17:32.5,Utilities
Steam #6563,51.38,17:32.5,Entertainment
Vitamin Shop #8196,163.35,17:32.5,Health
Water Bill,31.11,17:32.5,Utilities
Nike #8604,119.68,17:32.5,Shopping
Lyft,76.26,17:32.5,Transport
Bakery #6377,61.45,17:32.5,Groceries
Trash Pickup,52.49,17:32.5,Utilities
Duty Free,194.7,17:32.5,Travel
Whole Foods #409,138.07,17:32.5,Groceries
Amazon #6374,184.91,17:32.5,Shopping
Video Game,83.26,17:32.5,Entertainment
Stripe Payout #1712,3042.84,17:32.5,Salary
Rent Payment,1813.24,17:32.5,Rent
Zara #6604,134.22,17:32.5,Shopping
Water Bill,28.95,17:32.5,Utilities
Duty Free,21.55,17:32.5,Travel
MTA Subway,110.43,17:32.5,Transport
Costco,53.09,17:32.5,Groceries
Concert,52.65,17:32.5,Entertainment
Employer Inc #1453,4468.61,17:32.5,Salary
Costco,109,17:32.5,Groceries
Expedia #1464,64.45,17:32.5,Travel
MTA Subway,196.05,17:32.5,Transport
Sushi Place,40.95,17:32.5,Food & Drink
Aldi #7682,20.13,17:32.5,Groceries
Walmart #2227,180.94,17:32.5,Shopping
Duty Free,135.32,17:32.5,Travel
Vitamin Shop #5566,147.14,17:32.5,Health
Nike,47.29,17:32.5,Shopping
United #3528,189.01,17:32.5,Travel
Airbnb,63.18,17:32.5,Travel
Zara #5052,144.53,17:32.5,Shopping
Whole Foods,61.94,17:32.5,Groceries
Netflix #4891,163.93,17:32.5,Utilities
Parking,107.33,17:32.5,Transport
Hospital,73.18,17:32.5,Health
Concert #7664,88.99,17:32.5,Entertainment
Bakery,97.5,17:32.5,Groceries
Netflix,147.64,17:32.5,Utilities
Rent Payment,1499.33,17:32.5,Rent
Vending Machine,43.94,17:32.5,Food & Drink
CVS #8392,83.42,17:32.5,Health
Payroll,2240.38,17:32.5,Salary
Steam,100.92,17:32.5,Entertainment
Employer Inc,2603.48,17:32.5,Salary
Direct Deposit #7833,2973.63,17:32.5,Salary
Zara,30.67,17:32.5,Shopping
Landlord,2153.41,17:32.5,Rent
Lyft,154.96,17:32.5,Transport
Employer Inc #333,3212.25,17:32.5,Salary
Trash Pickup #5738,88.27,17:32.5,Utilities
PlayStation,167.26,17:32.5,Entertainment
Vitamin Shop #9879,198.77,17:32.5,Health
Direct Deposit #8885,4137.31,17:32.5,Salary
Apple Store #9548,158.09,17:32.5,Shopping
Safeway,20.84,17:32.5,Groceries
Bakery #8600,117.8,17:32.5,Groceries
Mortgage,2765.76,17:32.5,Rent
AMC Theaters,81.05,17:32.5,Entertainment
Bookstore #2405,31.29,17:32.5,Shopping
Burger King,31.84,17:32.5,Food & Drink
Payroll #5042,4184.26,17:32.5,Salary
Delta #8496,10.57,17:32.5,Travel
Mortgage,1140.43,17:32.5,Rent
Delta #2900,71.92,17:32.5,Travel
Whole Foods #2276,83.98,17:32.5,Groceries
AT&T #3541,26.85,17:32.5,Utilities
Apple Store #6599,32.54,17:32.5,Shopping
Landlord,2306.78,17:32.5,Rent
Lime Scooter,184.93,17:32.5,Transport
Apple Store #6409,50.42,17:32.5,Shopping
Pharmacy Co-pay #2655,139.05,17:32.5,Health
Delta #9413,58.66,17:32.5,Travel
Kroger,119.4,17:32.5,Groceries
Best Buy,117.78,17:32.5,Shopping
Planet Fitness #6858,109.87,17:32.5,Health
Duty Free #5126,135.13,17:32.5,Travel
Parking #1614,198.96,17:32.5,Transport
Zara #1186,104.81,17:32.5,Shopping
Upwork,2782.36,17:32.5,Salary
HOA Fees,1956.91,17:32.5,Rent
Landlord,2173.86,17:32.5,Rent
Doctor Visit #5302,102.98,17:32.5,Health
Uber,55.55,17:32.5,Transport
Water Bill #7350,199.81,17:32.5,Utilities
Lyft,167.02,17:32.5,Transport
Dentist,63.18,17:32.5,Health
Shell #7464,75.26,17:32.5,Transport
Concert #9737,81.63,17:32.5,Entertainment
Costco #3127,43.68,17:32.5,Groceries
Steam #997,13.11,17:32.5,Entertainment
Ticketmaster #5909,21.35,17:32.5,Entertainment
Pharmacy,49.1,17:32.5,Shopping
Apple Store #1352,76.19,17:32.5,Shopping
Local Cafe,42.95,17:32.5,Food & Drink
Lyft,93.63,17:32.5,Transport
Vitamin Shop #6088,89.64,17:32.5,Health
Ticketmaster #5908,49.46,17:32.5,Entertainment
Spotify #7330,47.64,17:32.5,Utilities
Payroll #6740,4079,17:32.5,Salary
Butcher,141.52,17:32.5,Groceries
Aldi #1744,84.68,17:32.5,Groceries
HOA Fees #2846,2117.15,17:32.5,Rent
Employer Inc #8968,2946.52,17:32.5,Salary
Lyft #8489,79.44,17:32.5,Transport
Bar XYZ #5752,21.38,17:32.5,Food & Drink
Hotel #8215,112.13,17:32.5,Travel
Chipotle #2110,29.91,17:32.5,Food & Drink
Dentist #1637,155.08,17:32.5,Health
Local Cafe #518,30.82,17:32.5,Food & Drink
Hulu #274,141.44,17:32.5,Utilities
Rent Payment #9236,1509.91,17:32.5,Rent
Spotify,152.53,17:32.5,Utilities
Bakery,157.23,17:32.5,Groceries
Lime Scooter #4616,117.35,17:32.5,Transport
Netflix #8128,94.53,17:32.5,Utilities
Expedia #133,191.28,17:32.5,Travel
Upwork,3215.14,17:32.5,Salary
Vending Machine,20.62,17:32.5,Food & Drink
Vending Machine #4564,40.46,17:32.5,Food & Drink
H&M,56.33,17:32.5,Shopping
Aldi #6352,85.14,17:32.5,Groceries
United,30.46,17:32.5,Travel
Exxon #2530,88.55,17:32.5,Transport
Employer Inc,4148.79,17:32.5,Salary
Nike #8560,78.04,17:32.5,Shopping
Airbnb #8217,120.83,17:32.5,Travel
Yoga Class #6218,96.17,17:32.5,Health
Aldi,79.96,17:32.5,Groceries
McDonalds #4515,48.31,17:32.5,Food & Drink
Concert,23.09,17:32.5,Entertainment
Burger King #6121,17.39,17:32.5,Food & Drink
HOA Fees #5332,1016.57,17:32.5,Rent
MTA Subway,16.66,17:32.5,Transport
Pharmacy Co-pay #465,29.49,17:32.5,Health
Whole Foods,105.42,17:32.5,Groceries
Zara,149.83,17:32.5,Shopping
CVS,158.35,17:32.5,Health
Bowling #5114,170.09,17:32.5,Entertainment
Fruit Stand,126.94,17:32.5,Groceries
Dentist,71.02,17:32.5,Health
Zara #1645,197.74,17:32.5,Shopping
Dunkin #3595,12.08,17:32.5,Food & Drink
ConEd #9725,187.53,17:32.5,Utilities
Spotify #4478,130.53,17:32.5,Utilities
Doctor Visit,119.49,17:32.5,Health
Amtrak #3928,182.16,17:32.5,Travel
Verizon,177.46,17:32.5,Utilities
Upwork,4031.88,17:32.5,Salary
Bowling #6652,131.56,17:32.5,Entertainment
Aldi,142.78,17:32.5,Groceries
Hotel #7162,54.2,17:32.5,Travel
Netflix,131.4,17:32.5,Utilities
Local Market,154.36,17:32.5,Groceries
Bar XYZ #541,48.33,17:32.5,Food & Drink
Dunkin #7379,18.07,17:32.5,Food & Drink
Stripe Payout,3979.16,17:32.5,Salary
Stripe Payout,3057.08,17:32.5,Salary
Lyft #4369,85.34,17:32.5,Transport
Walgreens,17.94,17:32.5,Health
Direct Deposit,2086.93,17:32.5,Salary
McDonalds #1640,33.12,17:32.5,Food & Drink
Airbnb #9369,129.63,17:32.5,Travel
Trader Joes #9560,50,17:32.5,Groceries
Property Mgmt #4940,1912.25,17:32.5,Rent
Costco,70.81,17:32.5,Groceries
Netflix,145.73,17:32.5,Utilities
Delta #2520,170.17,17:32.5,Travel
Vitamin Shop,65.49,17:32.5,Health
Shell,48.75,17:32.5,Transport
Shell,107.86,17:32.5,Transport
Nike #4796,31.51,17:32.5,Shopping
Planet Fitness #8605,41.14,17:32.5,Health
Pharmacy #6337,136.29,17:32.5,Shopping
Gas Station #6225,66.68,17:32.5,Transport
Upwork #7649,4605.13,17:32.5,Salary
Landlord #5196,1818.77,17:32.5,Rent
Gas Station,33.05,17:32.5,Transport
Costco,132.61,17:32.5,Groceries
Local Cafe #137,47.56,17:32.5,Food & Drink
Walgreens #8513,33.46,17:32.5,Health
Pharmacy Co-pay #489,135.53,17:32.5,Health
Uber #7569,144.97,17:32.5,Transport
Netflix Sub,119.6,17:32.5,Entertainment
Hospital,198.5,17:32.5,Health
CVS #1820,102.5,17:32.5,Health
Best Buy #7877,59.46,17:32.5,Shopping
Electric Co #3504,165.36,17:32.5,Utilities
Ticketmaster,16.37,17:32.5,Entertainment
Resort,52.26,17:32.5,Travel
Electric Co #3092,55.8,17:32.5,Utilities
Vending Machine,31.61,17:32.5,Food & Drink
Internet Bill #4431,54.66,17:32.5,Utilities
Vending Machine,13.09,17:32.5,Food & Drink
Local Market #2787,34.37,17:32.5,Groceries
Amazon #3311,147.58,17:32.5,Shopping
Pharmacy Co-pay #4784,23.07,17:32.5,Health
Water Bill #8224,143.74,17:32.5,Utilities
Local Market,126.03,17:32.5,Groceries
Booking.com,114.89,17:32.5,Travel
Spotify Premium #6852,77.31,17:32.5,Entertainment
Museum #3798,67.99,17:32.5,Entertainment
Mortgage,2388.39,17:32.5,Rent
Direct Deposit #1690,2349.44,17:32.5,Salary
Rent Payment,1544.81,17:32.5,Rent
Video Game #7527,75.62,17:32.5,Entertainment
Netflix #5932,97.5,17:32.5,Utilities
Netflix Sub,85.05,17:32.5,Entertainment
Spotify,182.6,17:32.5,Utilities
HOA Fees #7289,2795.41,17:32.5,Rent
HOA Fees #3717,1617.3,17:32.5,Rent
Pharmacy Co-pay,181.24,17:32.5,Health
Landlord,1998.23,17:32.5,Rent
Property Mgmt #8421,1223.13,17:32.5,Rent
Chipotle #6869,20.35,17:32.5,Food & Drink
Verizon #6258,46.82,17:32.5,Utilities
Aldi,115.13,17:32.5,Groceries
AMC Theaters #5425,140.8,17:32.5,Entertainment
Butcher #1054,70.27,17:32.5,Groceries
Bar XYZ #4562,36.28,17:32.5,Food & Drink
Water Bill #3641,45.45,17:32.5,Utilities
Rent Payment #9985,2001.79,17:32.5,Rent
Trader Joes #7179,111.43,17:32.5,Groceries
Stripe Payout,2133.5,17:32.5,Salary
Dunkin #8163,37.83,17:32.5,Food & Drink
Direct Deposit #8982,2573.16,17:32.5,Salary
McDonalds,42.97,17:32.5,Food & Drink
Property Mgmt,2701.72,17:32.5,Rent
Local Cafe #7666,20.09,17:32.5,Food & Drink
Employer Inc,3283.11,17:32.5,Salary
Museum,183.33,17:32.5,Entertainment
Dunkin #493,39.17,17:32.5,Food & Drink
Local Cafe #2027,21.31,17:32.5,Food & Drink
Direct Deposit,4218.63,17:32.5,Salary
Costco #7527,104.96,17:32.5,Groceries
Exxon,175.2,17:32.5,Transport
Sushi Place,39.2,17:32.5,Food & Drink
Property Mgmt #6630,1185.31,17:32.5,Rent
Walmart #2566,19.1,17:32.5,Shopping
Car Rental,81.57,17:32.5,Travel
Payroll,3439.64,17:32.5,Salary
Electric Co #7342,172.69,17:32.5,Utilities
Netflix Sub #5096,63.81,17:32.5,Entertainment
AMC Theaters,127.04,17:32.5,Entertainment
Dunkin #2899,31.1,17:32.5,Food & Drink
Water Bill,115.35,17:32.5,Utilities
Costco #1380,91.15,17:32.5,Groceries
Train Ticket,165.91,17:32.5,Transport
Hospital #8878,118.94,17:32.5,Health
Pharmacy Co-pay #544,197.81,17:32.5,Health
Walgreens,88.87,17:32.5,Health
CVS #1150,162.77,17:32.5,Health
Dunkin,6,17:32.5,Food & Drink
Concert,61.02,17:32.5,Entertainment
Employer Inc,4091.53,17:32.5,Salary
Safeway #4921,75.97,17:32.5,Groceries
Direct Deposit,3030.95,17:32.5,Salary
Bakery,44.64,17:32.5,Groceries
Bus Fare,86.64,17:32.5,Transport
Internet Bill #6417,172.18,17:32.5,Utilities
Concert #3514,124.6,17:32.5,Entertainment
Payroll,3316.19,17:32.5,Salary
Walgreens,196.45,17:32.5,Health
Nike #3310,118.88,17:32.5,Shopping
Gas Station #1743,97.77,17:32.5,Transport
Nike,147.04,17:32.5,Shopping
Bakery #8250,132.23,17:32.5,Groceries
Lyft,88.31,17:32.5,Transport
Property Mgmt #4131,2521.49,17:32.5,Rent
Concert #8775,106.28,17:32.5,Entertainment
Steam,14.72,17:32.5,Entertainment
MTA Subway,25.6,17:32.5,Transport
Vending Machine #2165,49.64,17:32.5,Food & Drink
Zara #3238,96.03,17:32.5,Shopping
Upwork #5349,3046.08,17:32.5,Salary
United #7490,55.68,17:32.5,Travel
Hospital #8791,24.09,17:32.5,Health
Parking,48.92,17:32.5,Transport
Bookstore,116.43,17:32.5,Shopping
Local Market #972,70.74,17:32.5,Groceries
AT&T #2439,24.09,17:32.5,Utilities
Property Mgmt,2095.95,17:32.5,Rent
Water Bill #3514,186.01,17:32.5,Utilities
AT&T #5585,166.93,17:32.5,Utilities
Netflix,125.36,17:32.5,Utilities
Concert,157.47,17:32.5,Entertainment
Dunkin,28.83,17:32.5,Food & Drink
Chipotle #5158,34.8,17:32.5,Food & Drink
Bus Fare,33.31,17:32.5,Transport
Direct Deposit #3604,2659.97,17:32.5,Salary
Hospital,33.1,17:32.5,Health
Upwork #9207,3284.87,17:32.5,Salary
Payroll,4417.99,17:32.5,Salary
Property Mgmt,2842.92,17:32.5,Rent
Water Bill,98.6,17:32.5,Utilities
Water Bill #771,137.72,17:32.5,Utilities
Car Rental #9533,151.65,17:32.5,Travel
Vitamin Shop,179.18,17:32.5,Health
Fruit Stand #1140,196.11,17:32.5,Groceries
Video Game,73.93,17:32.5,Entertainment
Steam,91.57,17:32.5,Entertainment
Direct Deposit #223,4620.91,17:32.5,Salary
Pizza Hut,23.62,17:32.5,Food & Drink
Bakery,151.6,17:32.5,Groceries
Nike,35.62,17:32.5,Shopping
Butcher,55.35,17:32.5,Groceries
Dunkin,13.53,17:32.5,Food & Drink
PlayStation #7166,23.46,17:32.5,Entertainment
Direct Deposit #7023,4334.86,17:32.5,Salary
Verizon,143.37,17:32.5,Utilities
Electric Co,101.51,17:32.5,Utilities
Costco #8547,82.74,17:32.5,Groceries
Expedia,190.62,17:32.5,Travel
Video Game,62.64,17:32.5,Entertainment
Whole Foods,122.32,17:32.5,Groceries
Doctor Visit,157.42,17:32.5,Health
Bar XYZ #1056,25.73,17:32.5,Food & Drink
Delta #9367,109.38,17:32.5,Travel
United #2331,84.48,17:32.5,Travel
Kroger,94.28,17:32.5,Groceries
Doctor Visit #9655,185.99,17:32.5,Health
Employer Inc #5280,2976.47,17:32.5,Salary
Doctor Visit,41.33,17:32.5,Health
Yoga Class,122.28,17:32.5,Health
PlayStation,35.55,17:32.5,Entertainment
Vitamin Shop #392,181.65,17:32.5,Health
Rent Payment,2358,17:32.5,Rent
Local Cafe #1256,25.56,17:32.5,Food & Drink
Vitamin Shop,74.22,17:32.5,Health
Exxon,103.58,17:32.5,Transport
Doctor Visit,172.48,17:32.5,Health
ConEd #8202,148.05,17:32.5,Utilities
Water Bill,39.3,17:32.5,Utilities
Duty Free,21.71,17:32.5,Travel
Concert #9206,149.57,17:32.5,Entertainment
Upwork,4795.54,17:32.5,Salary
Doctor Visit,196.91,17:32.5,Health
Booking.com #9772,188.11,17:32.5,Travel
Local Cafe #5948,41.49,17:32.5,Food & Drink
Walmart #9595,137.87,17:32.5,Shopping
Best Buy,39.6,17:32.5,Shopping
Bakery #2151,75.61,17:32.5,Groceries
United #9832,145.46,17:32.5,Travel
Uber,59.38,17:32.5,Transport
Rent Payment #5371,1370.62,17:32.5,Rent
Vitamin Shop #1378,162.32,17:32.5,Health
Stripe Payout,4698.66,17:32.5,Salary
Verizon #1582,11.68,17:32.5,Utilities
MTA Subway #2997,63.7,17:32.5,Transport
Upwork #1404,4474.72,17:32.5,Salary
Bookstore,80.66,17:32.5,Shopping
Landlord,1331.53,17:32.5,Rent
AT&T #1648,13.04,17:32.5,Utilities
Booking.com,27.68,17:32.5,Travel
Hotel,114.77,17:32.5,Travel
Resort #7997,96.96,17:32.5,Travel
Target #349,128.95,17:32.5,Shopping
Rent Payment #9860,2198.21,17:32.5,Rent
Stripe Payout #336,3223.93,17:32.5,Salary
Dentist #7969,118.92,17:32.5,Health
Employer Inc #1659,4609.06,17:32.5,Salary
Hospital #6883,198.14,17:32.5,Health
Netflix Sub,81.86,17:32.5,Entertainment
Water Bill,26.93,17:32.5,Utilities
Rent Payment #5790,2854.51,17:32.5,Rent
Airbnb #3786,88.24,17:32.5,Travel
Uber,169.78,17:32.5,Transport
Employer Inc,2640.05,17:32.5,Salary
Amtrak #4064,179.78,17:32.5,Travel
Stripe Payout,2490.67,17:32.5,Salary
Amtrak,10.51,17:32.5,Travel
Resort #2221,126.12,17:32.5,Travel
Target,104.41,17:32.5,Shopping
Concert #9364,121.38,17:32.5,Entertainment
Bowling #1727,45.74,17:32.5,Entertainment
Spotify Premium #2747,167.73,17:32.5,Entertainment
Costco #4825,126.98,17:32.5,Groceries
Water Bill #5728,179.94,17:32.5,Utilities
HOA Fees #9309,1238.87,17:32.5,Rent
Netflix #8379,151.93,17:32.5,Utilities
Expedia,22.37,17:32.5,Travel
Burger King #4063,28.7,17:32.5,Food & Drink
Mortgage #8742,2276.45,17:32.5,Rent
Netflix Sub #9858,89.06,17:32.5,Entertainment
Car Rental,71.02,17:32.5,Travel
Best Buy,73.41,17:32.5,Shopping
Mortgage #1166,1681.44,17:32.5,Rent
Bowling,86.07,17:32.5,Entertainment
Car Rental,126.14,17:32.5,Travel
Hotel,68.66,17:32.5,Travel
Dentist #9177,19.48,17:32.5,Health
Zara,195.32,17:32.5,Shopping
Fruit Stand,188.77,17:32.5,Groceries
Local Cafe,47,17:32.5,Food & Drink
HOA Fees #2287,1148.06,17:32.5,Rent
Vitamin Shop,14.81,17:32.5,Health
Landlord,1935.19,17:32.5,Rent
Car Rental #9163,177.84,17:32.5,Travel
Spotify Premium,180.77,17:32.5,Entertainment
Target,53.49,17:32.5,Shopping
Bus Fare,126.75,17:32.5,Transport
Direct Deposit #681,3219.92,17:32.5,Salary
Best Buy #9593,153.64,17:32.5,Shopping
Property Mgmt #3415,2844.32,17:32.5,Rent
Netflix Sub #894,37.77,17:32.5,Entertainment
Property Mgmt,1450.14,17:32.5,Rent
Ticketmaster #5901,135.98,17:32.5,Entertainment
Landlord,1628.26,17:32.5,Rent
Property Mgmt,1899.76,17:32.5,Rent
Vitamin Shop #7567,191.95,17:32.5,Health
Airbnb,179.13,17:32.5,Travel
Upwork,2748.83,17:32.5,Salary
Zara,175.09,17:32.5,Shopping
MTA Subway,178.65,17:32.5,Transport
Employer Inc #1697,2935.81,17:32.5,Salary
Nike #1131,88.47,17:32.5,Shopping
Duty Free,171.76,17:32.5,Travel
Payroll #5776,3833.92,17:32.5,Salary
H&M,182.78,17:32.5,Shopping
Train Ticket,126.37,17:32.5,Transport
Resort #7224,138.06,17:32.5,Travel
Resort,88.97,17:32.5,Travel
Vitamin Shop #7358,108.77,17:32.5,Health
Pizza Hut,32.35,17:32.5,Food & Drink
Stripe Payout,4663.22,17:32.5,Salary
Gym Membership,47.84,17:32.5,Health
Upwork #4905,3983.44,17:32.5,Salary
Spotify #2631,29.18,17:32.5,Utilities
Internet Bill #8321,111.78,17:32.5,Utilities
AMC Theaters #5780,130.93,17:32.5,Entertainment
Netflix Sub #3171,164.33,17:32.5,Entertainment
Steam,29.89,17:32.5,Entertainment
MTA Subway,19.97,17:32.5,Transport
Local Market,117.59,17:32.5,Groceries
Direct Deposit #8237,4062.06,17:32.5,Salary
Upwork #443,4138.27,17:32.5,Salary
Spotify,22.6,17:32.5,Utilities
Landlord,2002.14,17:32.5,Rent
Parking,85.99,17:32.5,Transport
Safeway #5248,62.68,17:32.5,Groceries
MTA Subway,155.11,17:32.5,Transport
Local Cafe #5138,15.31,17:32.5,Food & Drink
Train Ticket #3248,47.39,17:32.5,Transport
Rent Payment #8622,1794.26,17:32.5,Rent
Duty Free,78.52,17:32.5,Travel
HOA Fees,2290.11,17:32.5,Rent
Target #1420,46.16,17:32.5,Shopping
Zara,43.77,17:32.5,Shopping
Yoga Class,135.46,17:32.5,Health
Netflix,92.79,17:32.5,Utilities
McDonalds #9071,15.54,17:32.5,Food & Drink
H&M #6140,158.14,17:32.5,Shopping
Zara,197.44,17:32.5,Shopping
Gas Station,109.63,17:32.5,Transport
Burger King,22.54,17:32.5,Food & Drink
Electric Co,84.79,17:32.5,Utilities
Sushi Place #1686,22.06,17:32.5,Food & Drink
Hotel #3589,28.17,17:32.5,Travel
Upwork,3036.7,17:32.5,Salary
Chipotle,7.23,17:32.5,Food & Drink
Electric Co,25.52,17:32.5,Utilities
HOA Fees,2450.35,17:32.5,Rent
Zara #3157,17.21,17:32.5,Shopping
Stripe Payout #1344,2980.57,17:32.5,Salary
Car Rental,88.16,17:32.5,Travel
Whole Foods #6208,53.02,17:32.5,Groceries
Gym Membership #1127,103.21,17:32.5,Health
Bus Fare,190.44,17:32.5,Transport
Walgreens #161,121.99,17:32.5,Health
Direct Deposit,2184.85,17:32.5,Salary
Bakery,195.62,17:32.5,Groceries
Property Mgmt #4587,1442.09,17:32.5,Rent
Netflix Sub,140.05,17:32.5,Entertainment
Kroger,154.64,17:32.5,Groceries
Concert #7352,57.01,17:32.5,Entertainment
Nike,90.95,17:32.5,Shopping
Spotify Premium,99.87,17:32.5,Entertainment
Parking,192.49,17:32.5,Transport
Property Mgmt #5220,1518.3,17:32.5,Rent
Train Ticket,176.81,17:32.5,Transport
Mortgage #8924,1472.31,17:32.5,Rent
ConEd #5111,166.74,17:32.5,Utilities
Zara,149.49,17:32.5,Shopping
Rent Payment,1016.98,17:32.5,Rent
Safeway #2187,182.66,17:32.5,Groceries
Amazon,44.2,17:32.5,Shopping
Bakery #3062,176.28,17:32.5,Groceries
Amazon #5493,109.88,17:32.5,Shopping
Delta,14.18,17:32.5,Travel
Mortgage,1744.21,17:32.5,Rent
Netflix #5405,59.65,17:32.5,Utilities
Internet Bill #6296,36.45,17:32.5,Utilities
Netflix Sub #7278,47.5,17:32.5,Entertainment
Yoga Class #1166,177.96,17:32.5,Health
Trader Joes,23.94,17:32.5,Groceries
Internet Bill,26.06,17:32.5,Utilities
Bakery,163.64,17:32.5,Groceries
Trash Pickup,19.3,17:32.5,Utilities
Landlord,1107.84,17:32.5,Rent
Rent Payment,2971.53,17:32.5,Rent
Sushi Place #5569,31.15,17:32.5,Food & Drink
HOA Fees,2820.94,17:32.5,Rent
Delta #5564,145.11,17:32.5,Travel
Trader Joes,44.66,17:32.5,Groceries
Booking.com,125.88,17:32.5,Travel
Parking,40.42,17:32.5,Transport
Amtrak #212,89.66,17:32.5,Travel
Internet Bill,156.98,17:32.5,Utilities
AMC Theaters #7949,27.27,17:32.5,Entertainment
AT&T,108.07,17:32.5,Utilities
Airbnb,166.19,17:32.5,Travel
Payroll,3499.1,17:32.5,Salary
Shell,12.79,17:32.5,Transport
Lyft #3354,149.77,17:32.5,Transport
Mortgage #1020,1214.53,17:32.5,Rent
Uber,122.26,17:32.5,Transport
Electric Co,180.52,17:32.5,Utilities
Vitamin Shop #1646,116.66,17:32.5,Health
Stripe Payout #3440,3541.93,17:32.5,Salary
HOA Fees #4325,1578.3,17:32.5,Rent
Train Ticket #1457,91.8,17:32.5,Transport
Burger King,28.54,17:32.5,Food & Drink
H&M,192.65,17:32.5,Shopping
Doctor Visit #5580,107.16,17:32.5,Health
Expedia #7689,149.17,17:32.5,Travel
Local Cafe,39.62,17:32.5,Food & Drink
Bar XYZ,48.3,17:32.5,Food & Drink
Pharmacy Co-pay,78.06,17:32.5,Health
MTA Subway #7341,22.64,17:32.5,Transport
Lyft,65.4,17:32.5,Transport
Dunkin,43.44,17:32.5,Food & Drink
AT&T,195.01,17:32.5,Utilities
Netflix #6100,46.2,17:32.5,Utilities
Trader Joes,16.53,17:32.5,Groceries
Duty Free,170.65,17:32.5,Travel
Yoga Class,144.67,17:32.5,Health
Car Rental #4117,155.47,17:32.5,Travel
CVS,129.29,17:32.5,Health
United,75.38,17:32.5,Travel
Duty Free,17.79,17:32.5,Travel
HOA Fees #6178,2936.58,17:32.5,Rent
McDonalds #1035,17.46,17:32.5,Food & Drink
Amtrak,173,17:32.5,Travel
Planet Fitness #3825,172.77,17:32.5,Health
Hulu #6829,121.52,17:32.5,Utilities
Water Bill #8555,54.98,17:32.5,Utilities
McDonalds #8741,24.95,17:32.5,Food & Drink
Dentist,99.11,17:32.5,Health
Stripe Payout,3499.78,17:32.5,Salary
Mortgage #1061,2263.31,17:32.5,Rent
Costco,190.19,17:32.5,Groceries
Mortgage,2155.37,17:32.5,Rent
Water Bill,157.36,17:32.5,Utilities
Burger King #3832,14.7,17:32.5,Food & Drink
Car Rental,108.9,17:32.5,Travel
Video Game #7015,198,17:32.5,Entertainment
PlayStation #7839,122.93,17:32.5,Entertainment
Bowling,156.85,17:32.5,Entertainment
Target #8914,17.44,17:32.5,Shopping
HOA Fees,2391.92,17:32.5,Rent
Sushi Place #283,23.51,17:32.5,Food & Drink
Walmart,123.62,17:32.5,Shopping
Verizon #3882,181.37,17:32.5,Utilities
Chipotle,27.1,17:32.5,Food & Drink
Lyft,23.98,17:32.5,Transport
Shell #1975,13.11,17:32.5,Transport
AMC Theaters #2038,141.8,17:32.5,Entertainment
Butcher #6232,133.13,17:32.5,Groceries
Mortgage #7159,1429.81,17:32.5,Rent
Stripe Payout,2953.31,17:32.5,Salary
Netflix #1775,50.47,17:32.5,Utilities
H&M #294,184.79,17:32.5,Shopping
Car Rental,23.82,17:32.5,Travel
Direct Deposit #9202,3100.29,17:32.5,Salary
Water Bill #2215,39.97,17:32.5,Utilities
Dunkin,36.36,17:32.5,Food & Drink
Yoga Class,81.16,17:32.5,Health
Amtrak #9723,35.36,17:32.5,Travel
PlayStation #1050,122.62,17:32.5,Entertainment
Amazon,192.64,17:32.5,Shopping
Bookstore,176.77,17:32.5,Shopping
Mortgage #5346,1155.14,17:32.5,Rent
Airbnb #2214,89.52,17:32.5,Travel
Fruit Stand #8967,88.63,17:32.5,Groceries
Pharmacy Co-pay #5947,80.82,17:32.5,Health
Costco #3565,132.74,17:32.5,Groceries
Pharmacy,139.49,17:32.5,Shopping
Pizza Hut,42.89,17:32.5,Food & Drink
Airbnb #8463,104.84,17:32.5,Travel
H&M,192.71,17:32.5,Shopping
Shell #2490,151.37,17:32.5,Transport
Resort #1285,124.7,17:32.5,Travel
Museum #1040,71.44,17:32.5,Entertainment
Landlord #768,1968.32,17:32.5,Rent
Employer Inc,2450.57,17:32.5,Salary
United,130.77,17:32.5,Travel
Rent Payment,2006.8,17:32.5,Rent
Trash Pickup #2325,136.36,17:32.5,Utilities
Bar XYZ #1248,46.96,17:32.5,Food & Drink
HOA Fees #7837,1173.34,17:32.5,Rent
Employer Inc,4689.67,17:32.5,Salary
AT&T,187.32,17:32.5,Utilities
PlayStation #3762,94.56,17:32.5,Entertainment
Bakery #5972,174.37,17:32.5,Groceries
Steam,20.18,17:32.5,Entertainment
Vitamin Shop #2111,182.56,17:32.5,Health
Yoga Class,139.74,17:32.5,Health
Safeway,101.5,17:32.5,Groceries
Car Rental #1895,144.5,17:32.5,Travel
Fruit Stand #461,109.32,17:32.5,Groceries
Booking.com #2275,78.67,17:32.5,Travel
Kroger #9465,173.12,17:32.5,Groceries
Kroger #2376,79.2,17:32.5,Groceries
Apple Store #6940,141.12,17:32.5,Shopping
Trash Pickup,166.42,17:32.5,Utilities
Chipotle #7899,42.52,17:32.5,Food & Drink
Walmart,167.97,17:32.5,Shopping
Ticketmaster #9153,145.29,17:32.5,Entertainment
Butcher,99.55,17:32.5,Groceries
Doctor Visit #764,139.76,17:32.5,Health
Walgreens,23.41,17:32.5,Health
Bakery #185,164.36,17:32.5,Groceries
Stripe Payout,4114.05,17:32.5,Salary
Bus Fare,115.85,17:32.5,Transport
Rent Payment #7902,1829.89,17:32.5,Rent
Upwork,3786.74,17:32.5,Salary
Gas Station #3167,35.92,17:32.5,Transport
Landlord #4028,2387.34,17:32.5,Rent
Lime Scooter #2325,53.52,17:32.5,Transport
Employer Inc,2119.23,17:32.5,Salary
Exxon,12.64,17:32.5,Transport
Payroll,3140.22,17:32.5,Salary
Costco #2231,43.17,17:32.5,Groceries
PlayStation,159.61,17:32.5,Entertainment
Trash Pickup,107.17,17:32.5,Utilities
Pizza Hut,7.41,17:32.5,Food & Drink
Vitamin Shop,23.62,17:32.5,Health
Dentist #3307,142.35,17:32.5,Health
Local Market #8469,164.49,17:32.5,Groceries
Expedia,159.75,17:32.5,Travel
Netflix Sub #3562,10.99,17:32.5,Entertainment
Direct Deposit,4541.37,17:32.5,Salary
ConEd #2328,167.34,17:32.5,Utilities
Bookstore #5439,173.63,17:32.5,Shopping
Local Cafe,17.74,17:32.5,Food & Drink
United #5905,33.28,17:32.5,Travel
AT&T #673,132.04,17:32.5,Utilities
McDonalds,28.09,17:32.5,Food & Drink
Local Market,128.72,17:32.5,Groceries
Employer Inc #5619,4649.59,17:32.5,Salary
Target #5869,14.81,17:32.5,Shopping
Mortgage #1374,1517.15,17:32.5,Rent
Upwork #8538,2714.83,17:32.5,Salary
Costco #4631,119.31,17:32.5,Groceries
Nike #4155,117.68,17:32.5,Shopping
PlayStation #5434,121.26,17:32.5,Entertainment
Netflix Sub #2417,65.25,17:32.5,Entertainment
Pharmacy #9016,183.1,17:32.5,Shopping
Video Game,178.27,17:32.5,Entertainment
Mortgage,1643.21,17:32.5,Rent
Stripe Payout,4167.56,17:32.5,Salary
Nike,103.57,17:32.5,Shopping
Lyft,127.41,17:32.5,Transport
Mortgage,2166.2,17:32.5,Rent
Netflix Sub #3133,118.37,17:32.5,Entertainment
HOA Fees,2607.3,17:32.5,Rent
Pharmacy,91.05,17:32.5,Shopping
Dentist,145.89,17:32.5,Health
Bowling #1406,135.29,17:32.5,Entertainment
Spotify #6877,20.12,17:32.5,Utilities
Trash Pickup,123.68,17:32.5,Utilities
Whole Foods,102.65,17:32.5,Groceries
Verizon #5561,133,17:32.5,Utilities
Local Market,17.91,17:32.5,Groceries
United #1356,103.28,17:32.5,Travel
Dentist #4076,28.7,17:32.5,Health
Walgreens,144.46,17:32.5,Health
Stripe Payout #9943,3839.8,17:32.5,Salary
Booking.com,173.5,17:32.5,Travel
Landlord #5151,2529.06,17:32.5,Rent
Hotel #9123,155.41,17:32.5,Travel
Shell,104.21,17:32.5,Transport
Chipotle #4740,47.09,17:32.5,Food & Drink
Netflix #3090,60.78,17:32.5,Utilities
Vending Machine,29.36,17:32.5,Food & Drink
Employer Inc #5014,3460.74,17:32.5,Salary
Bus Fare #7899,37.85,17:32.5,Transport
Internet Bill #1357,155.34,17:32.5,Utilities
Direct Deposit,4545.73,17:32.5,Salary
Aldi,110.08,17:32.5,Groceries
Pharmacy,11.56,17:32.5,Shopping
HOA Fees #8903,1323.3,17:32.5,Rent
Exxon,146.15,17:32.5,Transport
CVS,168.34,17:32.5,Health
Lyft #6332,48.42,17:32.5,Transport
Walmart #7584,10.05,17:32.5,Shopping
Lime Scooter,132.41,17:32.5,Transport
Museum,178.26,17:32.5,Entertainment
Payroll #4836,4830.22,17:32.5,Salary
Walmart,194.82,17:32.5,Shopping
Hotel #2842,77.3,17:32.5,Travel
Upwork #2297,3590.23,17:32.5,Salary
Stripe Payout,3426.57,17:32.5,Salary
HOA Fees,2561.12,17:32.5,Rent
Best Buy #2853,140.81,17:32.5,Shopping
Upwork,2505.77,17:32.5,Salary
Spotify,154.27,17:32.5,Utilities
Bus Fare,83.6,17:32.5,Transport
Employer Inc,3981.44,17:32.5,Salary
Mortgage #7442,1439.97,17:32.5,Rent
Property Mgmt #4671,1088.65,17:32.5,Rent
Spotify #6636,172.85,17:32.5,Utilities
Sushi Place,18.7,17:32.5,Food & Drink
Bowling,80.88,17:32.5,Entertainment
Kroger #3783,85.73,17:32.5,Groceries
Gas Station #4191,91.8,17:32.5,Transport
Upwork #888,2715.25,17:32.5,Salary
Airbnb,39.34,17:32.5,Travel
McDonalds,42.8,17:32.5,Food & Drink
Exxon #7079,79.92,17:32.5,Transport
Direct Deposit #3018,3771.19,17:32.5,Salary
Bakery,18.36,17:32.5,Groceries
Upwork,4618.73,17:32.5,Salary
Expedia #9539,50.1,17:32.5,Travel
Delta,184.24,17:32.5,Travel
Bowling,64.86,17:32.5,Entertainment
Nike,11.54,17:32.5,Shopping
Nike #3333,107.22,17:32.5,Shopping
McDonalds #5842,45.88,17:32.5,Food & Drink
Lyft #615,32.58,17:32.5,Transport
Amtrak,14.51,17:32.5,Travel
Stripe Payout #8315,4718.69,17:32.5,Salary
McDonalds,37.85,17:32.5,Food & Drink
Landlord #6701,1366.09,17:32.5,Rent
Rent Payment #3241,1786.53,17:32.5,Rent
Delta #6938,164.52,17:32.5,Travel
Walgreens,192.82,17:32.5,Health
Steam,79.52,17:32.5,Entertainment
Kroger #4078,92.97,17:32.5,Groceries
Bar XYZ #9691,20.76,17:32.5,Food & Drink
Zara,78.82,17:32.5,Shopping
Video Game,71.99,17:32.5,Entertainment
HOA Fees,2437.06,17:32.5,Rent
MTA Subway,121.09,17:32.5,Transport
Employer Inc #2776,2326.97,17:32.5,Salary
CVS #2619,70.03,17:32.5,Health
Stripe Payout #3276,3282.73,17:32.5,Salary
Upwork,4051.48,17:32.5,Salary
Netflix Sub #3977,102.01,17:32.5,Entertainment
Direct Deposit,4197.39,17:32.5,Salary
Local Cafe #2354,9.82,17:32.5,Food & Drink
Verizon,116.8,17:32.5,Utilities
Walmart #6436,18.04,17:32.5,Shopping
HOA Fees,2708.35,17:32.5,Rent
Vending Machine,39.61,17:32.5,Food & Drink
Uber,141.51,17:32.5,Transport
PlayStation #9916,92.54,17:32.5,Entertainment
HOA Fees #8809,1491.77,17:32.5,Rent
Booking.com #6372,78.87,17:32.5,Travel
Bus Fare,149.18,17:32.5,Transport
Train Ticket #6916,49.32,17:32.5,Transport
Direct Deposit #9344,2888.83,17:32.5,Salary
Netflix #8728,35.61,17:32.5,Utilities
Landlord #6415,1475.98,17:32.5,Rent
Local Cafe #7650,5.01,17:32.5,Food & Drink
Starbucks,28.89,17:32.5,Food & Drink
Property Mgmt,1559.36,17:32.5,Rent
HOA Fees,1737.97,17:32.5,Rent
Bakery,69.76,17:32.5,Groceries
Trash Pickup #8906,14.48,17:32.5,Utilities
Car Rental,197.14,17:32.5,Travel
Bowling #7973,110.29,17:32.5,Entertainment
Nike #2005,152.52,17:32.5,Shopping
Butcher,105.91,17:32.5,Groceries
Chipotle,27.67,17:32.5,Food & Drink
AT&T,88.91,17:32.5,Utilities
Safeway #6281,103.98,17:32.5,Groceries
Pharmacy Co-pay,57.11,17:32.5,Health
Pharmacy Co-pay #295,78.73,17:32.5,Health
Gym Membership,88.97,17:32.5,Health
Pharmacy,77.67,17:32.5,Shopping
ConEd #5326,32.35,17:32.5,Utilities
Shell #8149,118.02,17:32.5,Transport
Bookstore,21.61,17:32.5,Shopping
Direct Deposit,4947.02,17:32.5,Salary
Landlord #7481,2164.63,17:32.5,Rent
Rent Payment,1701.89,17:32.5,Rent
Kroger,51.31,17:32.5,Groceries
Spotify Premium,98.69,17:32.5,Entertainment
PlayStation #8579,195.03,17:32.5,Entertainment
Uber,54.13,17:32.5,Transport
Hulu #3403,98.97,17:32.5,Utilities
Aldi #4723,176.29,17:32.5,Groceries
Upwork,3103.01,17:32.5,Salary
United #3709,123.82,17:32.5,Travel
Whole Foods #5600,100.24,17:32.5,Groceries
Hospital,162.36,17:32.5,Health
Upwork,3045.44,17:32.5,Salary
McDonalds,39.18,17:32.5,Food & Drink
Gas Station,117.67,17:32.5,Transport
Pharmacy #2856,104.86,17:32.5,Shopping
Sushi Place,40.34,17:32.5,Food & Drink
Amazon,145.47,17:32.5,Shopping
Lyft #6566,144.79,17:32.5,Transport
Amazon #8620,38.33,17:32.5,Shopping
Steam #2342,29.16,17:32.5,Entertainment
Upwork,2891.51,17:32.5,Salary
Airbnb,121.8,17:32.5,Travel
Starbucks,22.36,17:32.5,Food & Drink
Lyft,173.78,17:32.5,Transport
Spotify Premium,80.06,17:32.5,Entertainment
Trash Pickup,42.8,17:32.5,Utilities
Landlord,2309.71,17:32.5,Rent
Doctor Visit,73.28,17:32.5,Health
Apple Store,91.11,17:32.5,Shopping
Mortgage,1131.75,17:32.5,Rent
Vitamin Shop #4745,122.03,17:32.5,Health
Butcher #7783,126.6,17:32.5,Groceries
Pizza Hut,21.32,17:32.5,Food & Drink
Concert,167.25,17:32.5,Entertainment
Payroll,4806.19,17:32.5,Salary
Parking,99.13,17:32.5,Transport
HOA Fees #5786,2946.83,17:32.5,Rent
Steam #6042,142.4,17:32.5,Entertainment
Parking,181,17:32.5,Transport
Lime Scooter,46.25,17:32.5,Transport
Property Mgmt,1434.13,17:32.5,Rent
Stripe Payout,2212.01,17:32.5,Salary
Vitamin Shop,113.66,17:32.5,Health
Pharmacy,83.22,17:32.5,Shopping
Zara,184.32,17:32.5,Shopping
Internet Bill #6719,17.58,17:32.5,Utilities
Electric Co #4493,92.56,17:32.5,Utilities
Costco,37.48,17:32.5,Groceries
Bowling,80.1,17:32.5,Entertainment
Pharmacy Co-pay,173.11,17:32.5,Health
Shell,64.79,17:32.5,Transport
Internet Bill #8589,26.04,17:32.5,Utilities
Landlord #9451,1345.41,17:32.5,Rent
Target,192.14,17:32.5,Shopping
Target,188.74,17:32.5,Shopping
Target,17.49,17:32.5,Shopping
Payroll,4233.15,17:32.5,Salary
Stripe Payout,3112.21,17:32.5,Salary
Bookstore,191.31,17:32.5,Shopping
Uber #3157,67.58,17:32.5,Transport
Lyft,123.26,17:32.5,Transport
Booking.com #8820,178.42,17:32.5,Travel
Pharmacy Co-pay #9433,31.57,17:32.5,Health
H&M,95.45,17:32.5,Shopping
CVS,169.19,17:32.5,Health
Pharmacy #6051,155.29,17:32.5,Shopping
Sushi Place #4670,25.35,17:32.5,Food & Drink
Upwork,3775.7,17:32.5,Salary
Walgreens,86.45,17:32.5,Health
Pharmacy #239,169.79,17:32.5,Shopping
Amazon #7729,108.83,17:32.5,Shopping
Video Game,132.4,17:32.5,Entertainment
Water Bill,45.01,17:32.5,Utilities
Bowling,188.14,17:32.5,Entertainment
Vitamin Shop,124.45,17:32.5,Health
Concert,47.8,17:32.5,Entertainment
Local Market,171.26,17:32.5,Groceries
Stripe Payout,2938.49,17:32.5,Salary
Spotify,112.12,17:32.5,Utilities
Burger King,44.61,17:32.5,Food & Drink
Netflix Sub,75.09,17:32.5,Entertainment
Starbucks #4153,45.84,17:32.5,Food & Drink
Property Mgmt,2773.89,17:32.5,Rent
Sushi Place,19.37,17:32.5,Food & Drink
Employer Inc,3201.83,17:32.5,Salary
Zara #5248,110.89,17:32.5,Shopping
Upwork,4561.23,17:32.5,Salary
Airbnb,128.31,17:32.5,Travel
Concert #6369,106.74,17:32.5,Entertainment
Butcher,94.39,17:32.5,Groceries
Apple Store #9212,30.55,17:32.5,Shopping
Local Market #7841,58.02,17:32.5,Groceries
Walgreens,54.07,17:32.5,Health
Shell #1539,169,17:32.5,Transport
Stripe Payout #8507,4719.65,17:32.5,Salary
Resort #3612,23.05,17:32.5,Travel
Burger King,32.16,17:32.5,Food & Drink
ConEd #5325,72.27,17:32.5,Utilities
Gas Station #5265,41.73,17:32.5,Transport
Employer Inc #8666,4166.49,17:32.5,Salary
Lyft,184.71,17:32.5,Transport
Whole Foods,176.56,17:32.5,Groceries
Local Cafe #1739,18.09,17:32.5,Food & Drink
Netflix Sub,129.79,17:32.5,Entertainment
ConEd,159.43,17:32.5,Utilities
Concert,91.15,17:32.5,Entertainment
Rent Payment,2246.27,17:32.5,Rent
Delta,36.27,17:32.5,Travel
Payroll #8987,2490.93,17:32.5,Salary
Fruit Stand,52.41,17:32.5,Groceries
Apple Store,142.96,17:32.5,Shopping
AMC Theaters,109.77,17:32.5,Entertainment
Spotify Premium,76.46,17:32.5,Entertainment
Gym Membership,162.8,17:32.5,Health
Lyft,166.52,17:32.5,Transport
Upwork,4389.82,17:32.5,Salary
Mortgage,1986.22,17:32.5,Rent
Sushi Place #6120,35.72,17:32.5,Food & Drink
Employer Inc #993,3018.04,17:32.5,Salary
Vending Machine #3151,21.31,17:32.5,Food & Drink
Dunkin #2444,23.38,17:32.5,Food & Drink
Spotify Premium #6875,151.31,17:32.5,Entertainment
Rent Payment #3014,1433.7,17:32.5,Rent
Bakery,173.71,17:32.5,Groceries
Hulu #6294,97.77,17:32.5,Utilities
Trader Joes #9789,114.93,17:32.5,Groceries
Rent Payment,2521.67,17:32.5,Rent
Local Cafe,6.35,17:32.5,Food & Drink
Video Game,184.63,17:32.5,Entertainment
Payroll #3518,2840.38,17:32.5,Salary
Dentist,36.2,17:32.5,Health
Starbucks #2131,21.55,17:32.5,Food & Drink
Vitamin Shop #3730,163.33,17:32.5,Health
Amazon,104.89,17:32.5,Shopping
Safeway #299,75.36,17:32.5,Groceries
Upwork #7507,3900.2,17:32.5,Salary
Vending Machine #6803,43.12,17:32.5,Food & Drink
Dunkin #8205,49.42,17:32.5,Food & Drink
ConEd #8982,122.18,17:32.5,Utilities
CVS,139.92,17:32.5,Health
Ticketmaster #6452,139.31,17:32.5,Entertainment
AMC Theaters,112.61,17:32.5,Entertainment
Video Game,50.59,17:32.5,Entertainment
CVS,140.25,17:32.5,Health
Amazon,170.65,17:32.5,Shopping
Local Market,182.41,17:32.5,Groceries
Direct Deposit,2637.02,17:32.5,Salary
Spotify Premium,110.83,17:32.5,Entertainment
Aldi,184.4,17:32.5,Groceries
AT&T,91.84,17:32.5,Utilities
Target,139.34,17:32.5,Shopping
Delta,124.8,17:32.5,Travel
HOA Fees #3085,1023.3,17:32.5,Rent
Upwork #8123,2927.79,17:32.5,Salary
Video Game #8403,67.89,17:32.5,Entertainment
Electric Co,169.62,17:32.5,Utilities
Hospital #6589,66.57,17:32.5,Health
Exxon #7688,134.49,17:32.5,Transport
Water Bill #3001,66.8,17:32.5,Utilities
Property Mgmt,1716.39,17:32.5,Rent
Lime Scooter #1159,193.74,17:32.5,Transport
Trash Pickup,107.7,17:32.5,Utilities
Employer Inc,2055.93,17:32.5,Salary
Steam #1893,191.19,17:32.5,Entertainment
Bus Fare #7916,194.57,17:32.5,Transport
Butcher #8595,39.69,17:32.5,Groceries
Direct Deposit #2940,4251.75,17:32.5,Salary
McDonalds,9.06,17:32.5,Food & Drink
Payroll,2965.54,17:32.5,Salary
Vending Machine,27.7,17:32.5,Food & Drink
Gym Membership #4509,10.3,17:32.5,Health
Steam #4173,75.26,17:32.5,Entertainment
ConEd #9692,45.06,17:32.5,Utilities
Aldi,41.07,17:32.5,Groceries
Yoga Class,151.96,17:32.5,Health
Airbnb,113.71,17:32.5,Travel
Internet Bill #428,165.36,17:32.5,Utilities
Chipotle #7982,29.05,17:32.5,Food & Drink
Rent Payment #7038,1871,17:32.5,Rent
Bakery #6115,90.76,17:32.5,Groceries
Museum,167.78,17:32.5,Entertainment
Pharmacy,52.98,17:32.5,Shopping
Direct Deposit,4798.4,17:32.5,Salary
Property Mgmt,2822.9,17:32.5,Rent
Upwork #2184,2005.89,17:32.5,Salary
Gym Membership,198.88,17:32.5,Health
Safeway #4432,193.24,17:32.5,Groceries
Bakery #6269,197.23,17:32.5,Groceries
Trash Pickup,134.49,17:32.5,Utilities
Mortgage #6035,2481.78,17:32.5,Rent
Electric Co #2283,150.79,17:32.5,Utilities
Apple Store,170.72,17:32.5,Shopping
McDonalds,37.53,17:32.5,Food & Drink
HOA Fees #9988,2757.5,17:32.5,Rent
Costco,124.42,17:32.5,Groceries
Video Game #9590,176.45,17:32.5,Entertainment
Electric Co #899,153.26,17:32.5,Utilities
Train Ticket,162.5,17:32.5,Transport
Vending Machine #4898,45.5,17:32.5,Food & Drink
Yoga Class,31.76,17:32.5,Health
Expedia,155.77,17:32.5,Travel
Employer Inc #4762,2004.21,17:32.5,Salary
Parking #6943,174.35,17:32.5,Transport
Bookstore #5364,105.07,17:32.5,Shopping
Stripe Payout,2566.77,17:32.5,Salary
Resort,186.8,17:32.5,Travel
Exxon #7803,153.52,17:32.5,Transport
Mortgage,2779.12,17:32.5,Rent
CVS #4889,70.52,17:32.5,Health
Spotify,109.33,17:32.5,Utilities
Apple Store #9828,77.4,17:32.5,Shopping
McDonalds #8187,14.94,17:32.5,Food & Drink
Zara #6602,96.57,17:32.5,Shopping
Bowling,51.45,17:32.5,Entertainment
Shell #8921,152.43,17:32.5,Transport
Butcher #7893,24.24,17:32.5,Groceries
Landlord,1330.94,17:32.5,Rent
Booking.com,110.52,17:32.5,Travel
Pizza Hut #8142,42.56,17:32.5,Food & Drink
AMC Theaters #3961,121.28,17:32.5,Entertainment
Landlord #3561,1424.58,17:32.5,Rent
Direct Deposit,4629,17:32.5,Salary
Spotify Premium,95.13,17:32.5,Entertainment
AMC Theaters,176.78,17:32.5,Entertainment
Upwork,4238.37,17:32.5,Salary
PlayStation #6590,192.35,17:32.5,Entertainment
Electric Co,171.29,17:32.5,Utilities
Nike #1090,61.55,17:32.5,Shopping
Lyft,36.65,17:32.5,Transport
Nike #2099,107.52,17:32.5,Shopping
Upwork,2256.39,17:32.5,Salary
Parking #5353,138.27,17:32.5,Transport
Museum,103.91,17:32.5,Entertainment
Landlord,1519.28,17:32.5,Rent
Fruit Stand #788,22.48,17:32.5,Groceries
Direct Deposit,2161.48,17:32.5,Salary
Booking.com,135.8,17:32.5,Travel
Walmart,114.31,17:32.5,Shopping
Lime Scooter,56.94,17:32.5,Transport
Nike #7354,85.47,17:32.5,Shopping
HOA Fees,1531.62,17:32.5,Rent
Stripe Payout,3259.39,17:32.5,Salary
Uber #3800,124.67,17:32.5,Transport
Expedia,140.69,17:32.5,Travel
Car Rental #1289,122.76,17:32.5,Travel
Parking,20.02,17:32.5,Transport
Kroger,130.28,17:32.5,Groceries
Starbucks #5275,39.58,17:32.5,Food & Drink
Concert #3978,46.27,17:32.5,Entertainment
Trash Pickup #3133,131.6,17:32.5,Utilities
Walmart #7846,99.63,17:32.5,Shopping
United,64.84,17:32.5,Travel
Local Market,136.16,17:32.5,Groceries
AMC Theaters #9466,145.33,17:32.5,Entertainment
Water Bill,181.99,17:32.5,Utilities
Property Mgmt #8669,2736.85,17:32.5,Rent
Employer Inc #6571,3150.94,17:32.5,Salary
Walmart,163.53,17:32.5,Shopping
HOA Fees #4891,1168.57,17:32.5,Rent
Payroll,3490.02,17:32.5,Salary
Payroll,2318.12,17:32.5,Salary
United,134.5,17:32.5,Travel
H&M #2654,99.2,17:32.5,Shopping
Stripe Payout #3736,2595.65,17:32.5,Salary
Uber,192.68,17:32.5,Transport
Vitamin Shop #7301,67.81,17:32.5,Health
Hospital,117.91,17:32.5,Health
Internet Bill #366,174.82,17:32.5,Utilities
Vitamin Shop #3435,99.88,17:32.5,Health
Zara,90.56,17:32.5,Shopping
Amtrak #3430,79.65,17:32.5,Travel
Whole Foods #6628,41.1,17:32.5,Groceries
Starbucks,38.17,17:32.5,Food & Drink
Aldi #5249,171.26,17:32.5,Groceries
Amazon #6166,141.47,17:32.5,Shopping
Vitamin Shop #3191,65.66,17:32.5,Health
Direct Deposit,2599.62,17:32.5,Salary
Delta,58.72,17:32.5,Travel
ConEd,146.66,17:32.5,Utilities
Zara #3253,78.7,17:32.5,Shopping
Dentist,181.7,17:32.5,Health
Employer Inc #1126,2460.79,17:32.5,Salary
Landlord #5243,2594.34,17:32.5,Rent
Bakery #9262,32.84,17:32.5,Groceries
Yoga Class #416,41.46,17:32.5,Health
AMC Theaters,181.85,17:32.5,Entertainment
Spotify,27.23,17:32.5,Utilities
Mortgage #7008,1272.64,17:32.5,Rent
Payroll,4009.4,17:32.5,Salary
Employer Inc #504,3490.51,17:32.5,Salary
Upwork,4850.95,17:32.5,Salary
Hospital #9635,110.94,17:32.5,Health
Bakery,39.84,17:32.5,Groceries
Hospital #419,112.2,17:32.5,Health
Landlord #8909,2361.93,17:32.5,Rent
Kroger #9143,194.43,17:32.5,Groceries
Trash Pickup,90.38,17:32.5,Utilities
Rent Payment,1738.59,17:32.5,Rent
Direct Deposit #6765,2498.86,17:32.5,Salary
Parking,57.81,17:32.5,Transport
Water Bill #7466,129.22,17:32.5,Utilities
Bar XYZ #3610,10.55,17:32.5,Food & Drink
HOA Fees,1072.79,17:32.5,Rent
Bowling,193.8,17:32.5,Entertainment
Chipotle,44.93,17:32.5,Food & Drink
Payroll #7283,4207.18,17:32.5,Salary
Vitamin Shop,116.42,17:32.5,Health
Costco #336,134.8,17:32.5,Groceries
Resort #6692,109.16,17:32.5,Travel
Fruit Stand,22.77,17:32.5,Groceries
HOA Fees #8242,2919.89,17:32.5,Rent
ConEd #2354,91.81,17:32.5,Utilities
Ticketmaster,149.75,17:32.5,Entertainment
HOA Fees #3689,1796.36,17:32.5,Rent
Hulu,115.25,17:32.5,Utilities
Dunkin #2163,39.6,17:32.5,Food & Drink
Whole Foods #9456,141.42,17:32.5,Groceries
Vending Machine #8936,48.2,17:32.5,Food & Drink
Train Ticket #7329,129.92,17:32.5,Transport
Upwork #7129,4930.14,17:32.5,Salary
Gym Membership,172.99,17:32.5,Health
ConEd #1211,10.17,17:32.5,Utilities
Starbucks #6937,33.12,17:32.5,Food & Drink
Planet Fitness #8806,197.45,17:32.5,Health
Resort #6628,29.89,17:32.5,Travel
Lime Scooter,196.79,17:32.5,Transport
Direct Deposit #4607,2195.74,17:32.5,Salary
Hulu #8489,146.46,17:32.5,Utilities
Ticketmaster #246,67.11,17:32.5,Entertainment
Bakery #4798,66.3,17:32.5,Groceries
Rent Payment #8366,1573.27,17:32.5,Rent
CVS #3376,110.1,17:32.5,Health
Verizon,195.73,17:32.5,Utilities
Amtrak #2966,164.5,17:32.5,Travel
Whole Foods,33.23,17:32.5,Groceries
Chipotle,6.45,17:32.5,Food & Drink
Uber,185.02,17:32.5,Transport
Chipotle #2155,25.38,17:32.5,Food & Drink
Trash Pickup,85.81,17:32.5,Utilities
Car Rental,98.84,17:32.5,Travel
Landlord #370,1968.63,17:32.5,Rent
Payroll,4281.57,17:32.5,Salary
Train Ticket #5827,173.13,17:32.5,Transport
Walgreens #3977,130.48,17:32.5,Health
Resort,185.48,17:32.5,Travel
Local Market,96.99,17:32.5,Groceries
Delta #7343,53.54,17:32.5,Travel
Ticketmaster #6936,46.22,17:32.5,Entertainment
Employer Inc,3240.53,17:32.5,Salary
Booking.com #1121,62.01,17:32.5,Travel
Parking,23.62,17:32.5,Transport
Spotify Premium,29.48,17:32.5,Entertainment
McDonalds #5434,40.72,17:32.5,Food & Drink
Expedia,80.93,17:32.5,Travel
Doctor Visit #3725,82.39,17:32.5,Health
Netflix,63.94,17:32.5,Utilities
Mortgage #8906,2578.65,17:32.5,Rent
Internet Bill #8835,42.25,17:32.5,Utilities
HOA Fees,1516.09,17:32.5,Rent
Fruit Stand #4747,102.35,17:32.5,Groceries
Spotify Premium #1270,55.33,17:32.5,Entertainment
Doctor Visit #5866,196.29,17:32.5,Health
Concert,178.02,17:32.5,Entertainment
Expedia,146.61,17:32.5,Travel
Electric Co,153.71,17:32.5,Utilities
Gas Station #418,87.62,17:32.5,Transport
Planet Fitness #5015,88.54,17:32.5,Health
Rent Payment,1760.1,17:32.5,Rent
Bar XYZ,25.16,17:32.5,Food & Drink
Vitamin Shop,36.9,17:32.5,Health
Internet Bill,114.19,17:32.5,Utilities
Parking #3290,158.42,17:32.5,Transport